-- MySQL dump 10.13  Distrib 5.5.57, for debian-linux-gnu (armv7l)
--
-- Host: localhost    Database: ugcadtb@0.0
-- ------------------------------------------------------
-- Server version	5.5.57-0+deb8u1

/*!40101 SET @OLD_CHARACTER_SET_CLIENT=@@CHARACTER_SET_CLIENT */;
/*!40101 SET @OLD_CHARACTER_SET_RESULTS=@@CHARACTER_SET_RESULTS */;
/*!40101 SET @OLD_COLLATION_CONNECTION=@@COLLATION_CONNECTION */;
/*!40101 SET NAMES utf8 */;
/*!40103 SET @OLD_TIME_ZONE=@@TIME_ZONE */;
/*!40103 SET TIME_ZONE='+00:00' */;
/*!40014 SET @OLD_UNIQUE_CHECKS=@@UNIQUE_CHECKS, UNIQUE_CHECKS=0 */;
/*!40014 SET @OLD_FOREIGN_KEY_CHECKS=@@FOREIGN_KEY_CHECKS, FOREIGN_KEY_CHECKS=0 */;
/*!40101 SET @OLD_SQL_MODE=@@SQL_MODE, SQL_MODE='NO_AUTO_VALUE_ON_ZERO' */;
/*!40111 SET @OLD_SQL_NOTES=@@SQL_NOTES, SQL_NOTES=0 */;

--
-- Table structure for table `od_gache`
--

DROP TABLE IF EXISTS `od_gache`;
/*!40101 SET @saved_cs_client     = @@character_set_client */;
/*!40101 SET character_set_client = utf8 */;
CREATE TABLE `od_gache` (
  `id` bigint(20) NOT NULL AUTO_INCREMENT,
  `ip` varchar(15) NOT NULL,
  `mac` varchar(17) NOT NULL,
  `nom` varchar(50) DEFAULT NULL,
  `type` varchar(50) NOT NULL,
  PRIMARY KEY (`id`),
  UNIQUE KEY `mac` (`mac`) USING BTREE,
  UNIQUE KEY `ip` (`ip`) USING BTREE,
  UNIQUE KEY `nom` (`nom`) USING BTREE
) ENGINE=InnoDB AUTO_INCREMENT=2 DEFAULT CHARSET=latin1;
/*!40101 SET character_set_client = @saved_cs_client */;

--
-- Dumping data for table `od_gache`
--

LOCK TABLES `od_gache` WRITE;
/*!40000 ALTER TABLE `od_gache` DISABLE KEYS */;
INSERT INTO `od_gache` (`id`, `ip`, `mac`, `nom`, `type`) VALUES (1,'192.168.1.89','aa:bb:dd:cc:ff:ee','Gache Odalid','prd4');
/*!40000 ALTER TABLE `od_gache` ENABLE KEYS */;
UNLOCK TABLES;

--
-- Table structure for table `od_historique`
--

DROP TABLE IF EXISTS `od_historique`;
/*!40101 SET @saved_cs_client     = @@character_set_client */;
/*!40101 SET character_set_client = utf8 */;
CREATE TABLE `od_historique` (
  `id` bigint(20) NOT NULL AUTO_INCREMENT,
  `dateEvenement` datetime DEFAULT NULL,
  `typeEvenement` varchar(30) DEFAULT NULL,
  `identite_id` bigint(20) DEFAULT NULL,
  `lecteur_id` bigint(20) DEFAULT NULL,
  `etatEvenement` tinyint(1) NOT NULL DEFAULT '0',
  PRIMARY KEY (`id`),
  KEY `fk_historique_identite` (`identite_id`),
  KEY `fk_historique_lecteur` (`lecteur_id`),
  CONSTRAINT `fk_historique_identite` FOREIGN KEY (`identite_id`) REFERENCES `od_identite` (`id`) ON DELETE SET NULL,
  CONSTRAINT `fk_historique_lecteur` FOREIGN KEY (`lecteur_id`) REFERENCES `od_lecteur` (`id`) ON DELETE SET NULL
) ENGINE=InnoDB AUTO_INCREMENT=1707 DEFAULT CHARSET=latin1;
/*!40101 SET character_set_client = @saved_cs_client */;

--
-- Dumping data for table `od_historique`
--

LOCK TABLES `od_historique` WRITE;
/*!40000 ALTER TABLE `od_historique` DISABLE KEYS */;
INSERT INTO `od_historique` (`id`, `dateEvenement`, `typeEvenement`, `identite_id`, `lecteur_id`, `etatEvenement`) VALUES (1,'2017-08-25 18:14:35','Passage carte',1,1,0),(2,'2017-08-25 18:14:37','Passage carte',1,1,0),(3,'2017-08-25 18:14:59','Passage carte',1,1,1),(4,'2017-08-28 08:12:04','Passage carte',2,1,0),(5,'2017-08-28 08:12:05','Passage carte',2,1,0),(6,'2017-08-28 08:13:07','Passage carte',2,1,1),(7,'2017-08-28 08:13:26','Passage carte',2,1,1),(8,'2017-08-28 08:28:15','Passage carte',1,1,1),(9,'2017-08-28 08:47:57','Passage carte',2,1,1),(10,'2017-08-28 08:48:07','Passage carte',2,1,1),(11,'2017-08-28 08:48:14','Passage carte',2,1,1),(12,'2017-08-28 08:57:10','Passage carte',2,1,1),(13,'2017-08-28 10:26:05','Passage carte',2,1,1),(14,'2017-08-28 10:56:36','Passage carte',2,1,1),(15,'2017-08-28 12:14:00','Passage carte',1,1,1),(16,'2017-08-28 13:21:48','Passage carte',2,1,1),(17,'2017-08-28 13:41:25','Passage carte',2,1,1),(18,'2017-08-28 14:02:51','Passage carte',1,1,1),(19,'2017-08-28 14:56:04','Passage carte',2,1,1),(20,'2017-08-29 08:26:07','Passage carte',2,1,1),(21,'2017-08-29 08:26:13','Passage carte',2,1,1),(22,'2017-08-29 08:30:56','Passage carte',1,1,1),(23,'2017-08-29 10:08:03','Passage carte',1,1,1),(24,'2017-08-29 11:01:18','Passage carte',2,1,1),(25,'2017-08-29 12:00:54','Passage carte',2,1,1),(26,'2017-08-29 12:43:46','Passage carte',1,1,1),(27,'2017-08-29 14:05:59','Passage carte',1,1,1),(28,'2017-08-29 14:50:39','Passage carte',2,1,1),(29,'2017-08-29 15:11:39','Passage carte',2,1,1),(30,'2017-08-29 15:12:31','Passage carte',1,1,1),(31,'2017-08-29 15:14:22','Passage carte',1,1,1),(32,'2017-09-03 14:50:13','Passage carte',1,1,0),(33,'2017-09-03 14:50:27','Passage carte',1,1,1),(34,'2017-08-29 16:51:46','Passage carte',1,1,1),(35,'2017-08-29 19:27:59','Passage carte',2,1,1),(36,'2017-08-29 19:32:06','Passage carte',2,1,1),(37,'2017-08-30 08:33:12','Passage carte',2,1,1),(38,'2017-08-30 08:39:32','Passage carte',1,1,1),(39,'2017-08-30 09:36:47','Passage carte',2,1,1),(40,'2017-08-30 10:00:18','Passage carte',1,1,1),(41,'2017-08-30 10:01:29','Passage carte',1,1,1),(42,'2017-08-30 10:05:19','Passage carte',1,1,1),(43,'2017-08-30 12:02:35','Passage carte',2,1,1),(44,'2017-08-30 13:38:24','Passage carte',2,1,1),(45,'2017-08-30 14:19:42','Passage carte',1,1,1),(46,'2017-08-30 15:51:29','Passage carte',1,1,1),(47,'2017-08-30 16:05:17','Passage carte',1,1,1),(48,'2017-08-30 18:02:01','Passage carte',2,1,1),(49,'2017-08-31 08:02:59','Passage carte',2,1,1),(50,'2017-08-31 09:55:08','Passage carte',2,1,1),(51,'2017-08-31 10:36:30','Passage carte',1,1,1),(52,'2017-08-31 10:41:14','Passage carte',1,1,1),(53,'2017-08-31 12:26:43','Passage carte',2,1,1),(54,'2017-08-31 13:51:05','Passage carte',2,1,1),(55,'2017-08-31 14:07:56','Passage carte',1,1,1),(56,'2017-08-31 14:23:29','Passage carte',2,1,1),(57,'2017-08-31 16:23:31','Passage carte',1,1,1),(58,'2017-09-01 08:24:38','Passage carte',2,1,1),(59,'2017-09-01 08:33:21','Passage carte',1,1,1),(60,'2017-09-01 08:43:13','Passage carte',2,1,1),(61,'2017-09-01 08:43:19','Passage carte',2,1,1),(62,'2017-09-01 08:43:24','Passage carte',2,1,1),(63,'2017-09-01 09:17:25','Passage carte',2,1,1),(64,'2017-09-01 09:44:30','Passage carte',2,1,1),(65,'2017-09-01 10:20:28','Passage carte',1,1,1),(66,'2017-09-01 10:24:22','Passage carte',1,1,1),(67,'2017-09-01 11:20:21','Passage carte',2,1,1),(68,'2017-09-01 11:35:59','Passage carte',1,1,1),(69,'2017-09-01 11:37:06','Passage carte',1,1,1),(70,'2017-09-01 12:10:47','Passage carte',2,1,1),(71,'2017-09-01 13:24:20','Passage carte',1,1,1),(72,'2017-09-01 13:27:10','Passage carte',1,1,1),(73,'2017-09-01 14:20:58','Passage carte',1,1,1),(74,'2017-09-01 14:33:53','Passage carte',1,1,1),(75,'2017-09-01 15:45:41','Passage carte',2,1,1),(76,'2017-09-01 18:39:41','Passage carte',2,1,1),(77,'2017-09-04 07:40:45','Passage carte',2,1,1),(78,'2017-09-04 09:45:49','Passage carte',1,1,1),(79,'2017-09-04 12:31:56','Passage carte',2,1,1),(80,'2017-09-04 12:43:11','Passage carte',2,1,1),(81,'2017-09-04 13:58:53','Passage carte',2,1,1),(82,'2017-09-04 16:08:33','Passage carte',2,1,1),(83,'2017-09-05 12:06:41','Passage carte',2,1,1),(84,'2017-09-05 12:06:51','Passage carte',2,1,1),(85,'2017-09-06 14:08:19','Passage carte',2,1,1),(86,'2017-09-07 09:13:51','Passage carte',2,1,1),(87,'2017-09-07 10:43:49','Passage carte',2,1,1),(88,'2017-09-07 13:20:43','Passage carte',2,1,1),(89,'2017-09-07 13:21:51','Passage carte',2,1,1),(90,'2017-09-07 13:48:56','Passage carte',2,1,1),(91,'2017-09-07 14:24:12','Passage carte',2,1,1),(92,'2017-09-07 15:57:38','Passage carte',2,1,1),(93,'2017-09-07 16:05:37','Passage carte',2,1,1),(94,'2017-09-07 18:39:57','Passage carte',2,1,1),(95,'2017-09-09 17:44:12','Passage carte',2,1,1),(96,'2017-09-11 12:13:35','Passage carte',2,1,1),(97,'2017-09-11 12:29:48','Passage carte',2,1,1),(98,'2017-09-11 12:33:00','Passage carte',2,1,1),(99,'2017-09-11 14:03:47','Passage carte',2,1,1),(100,'2017-09-11 14:51:41','Passage carte',2,1,1),(101,'2017-09-11 15:20:36','Passage carte',2,1,1),(102,'2017-09-11 15:34:57','Passage carte',2,1,1),(103,'2017-09-12 08:30:53','Passage carte',2,1,1),(104,'2017-09-12 09:04:25','Passage carte',2,1,1),(105,'2017-09-12 10:34:55','Passage carte',2,1,1),(106,'2017-09-12 13:19:44','Passage carte',2,1,1),(107,'2017-09-12 13:20:18','Passage carte',2,1,1),(108,'2017-09-12 13:43:48','Passage carte',2,1,1),(109,'2017-09-12 15:12:23','Passage carte',2,1,1),(110,'2017-09-13 12:30:53','Passage carte',2,1,1),(111,'2017-09-13 12:31:04','Passage carte',2,1,1),(112,'2017-09-13 12:51:10','Passage carte',2,1,1),(113,'2017-09-14 05:59:12','Passage carte',2,1,1),(114,'2017-09-14 07:40:19','Passage carte',2,1,1),(115,'2017-09-14 12:06:17','Passage carte',2,1,1),(116,'2017-09-15 08:10:27','Passage carte',2,1,1),(117,'2017-09-15 09:18:53','Passage carte',2,1,1),(118,'2017-09-15 12:05:49','Passage carte',2,1,1),(119,'2017-09-15 12:11:20','Passage carte',2,1,1),(120,'2017-09-15 13:37:50','Passage carte',2,1,1),(121,'2017-09-15 15:56:38','Passage carte',2,1,1),(122,'2017-09-18 08:14:56','Passage carte',2,1,1),(123,'2017-09-18 09:55:13','Passage carte',2,1,1),(124,'2017-09-18 11:44:01','Passage carte',2,1,1),(125,'2017-09-18 14:20:55','Passage carte',2,1,1),(126,'2017-09-18 19:15:47','Passage carte',2,1,1),(127,'2017-09-18 19:17:05','Passage carte',2,1,1),(128,'2017-09-18 19:17:19','Passage carte',2,1,1),(129,'2017-09-20 08:22:34','Passage carte',2,1,1),(130,'2017-09-20 09:55:53','Passage carte',2,1,1),(131,'2017-09-20 12:20:16','Passage carte',2,1,1),(132,'2017-09-20 12:36:31','Passage carte',2,1,1),(133,'2017-09-20 12:56:24','Passage carte',2,1,1),(134,'2017-09-20 18:00:45','Passage carte',2,1,1),(135,'2017-09-21 11:49:15','Passage carte',2,1,1),(136,'2017-09-21 12:10:29','Passage carte',2,1,1),(137,'2017-09-21 12:52:12','Passage carte',2,1,1),(138,'2017-09-21 13:51:29','Passage carte',2,1,1),(139,'2017-09-21 14:43:27','Passage carte',2,1,1),(140,'2017-09-21 14:46:55','Passage carte',2,1,1),(141,'2017-09-21 18:34:10','Passage carte',2,1,1),(142,'2017-09-22 08:09:05','Passage carte',2,1,1),(143,'2017-09-22 09:34:04','Passage carte',2,1,1),(144,'2017-09-22 09:37:16','Passage carte',2,1,1),(145,'2017-09-22 15:43:24','Passage carte',2,1,1),(146,'2017-09-22 16:00:07','Passage carte',2,1,1),(147,'2017-09-22 16:02:12','Passage carte',2,1,1),(148,'2017-09-25 08:09:46','Passage carte',1,1,1),(149,'2017-09-25 08:10:08','Passage carte',1,1,1),(150,'2017-09-25 08:20:22','Passage carte',2,1,1),(151,'2017-09-25 09:58:30','Passage carte',2,1,1),(152,'2017-09-25 10:06:11','Passage carte',1,1,1),(153,'2017-09-25 12:24:10','Passage carte',2,1,1),(154,'2017-09-25 13:25:38','Passage carte',2,1,1),(155,'2017-09-25 13:30:09','Passage carte',1,1,1),(156,'2017-09-25 14:31:07','Passage carte',2,1,1),(157,'2017-09-25 15:05:38','Passage carte',1,1,1),(158,'2017-09-25 15:11:08','Passage carte',1,1,1),(159,'2017-09-25 17:06:58','Passage carte',1,1,1),(160,'2017-09-25 17:20:49','Passage carte',2,1,1),(161,'2017-09-25 17:24:11','Passage carte',2,1,1),(162,'2017-09-26 08:05:57','Passage carte',1,1,1),(163,'2017-09-26 09:03:22','Passage carte',2,1,1),(164,'2017-09-26 09:13:22','Passage carte',2,1,1),(165,'2017-09-26 09:14:36','Passage carte',1,1,1),(166,'2017-09-26 10:14:19','Passage carte',1,1,1),(167,'2017-09-26 10:25:09','Passage carte',1,1,1),(168,'2017-09-26 10:59:12','Passage carte',1,1,1),(169,'2017-09-26 11:11:57','Passage carte',1,1,1),(170,'2017-09-26 12:00:50','Passage carte',2,1,1),(171,'2017-09-26 13:14:09','Passage carte',2,1,1),(172,'2017-09-26 13:27:15','Passage carte',1,1,1),(173,'2017-09-26 15:33:41','Passage carte',1,1,1),(174,'2017-09-26 17:02:34','Passage carte',1,1,1),(175,'2017-09-27 08:02:24','Passage carte',1,1,1),(176,'2017-09-27 09:44:25','Passage carte',1,1,1),(177,'2017-09-27 10:37:48','Passage carte',1,1,1),(178,'2017-09-27 11:42:12','Passage carte',1,1,1),(179,'2017-09-27 13:32:08','Passage carte',1,1,1),(180,'2017-09-27 15:26:46','Passage carte',1,1,1),(181,'2017-09-27 15:53:17','Passage carte',1,1,1),(182,'2017-09-27 17:00:54','Passage carte',1,1,1),(183,'2017-09-28 08:03:35','Passage carte',1,1,1),(184,'2017-09-28 08:13:57','Passage carte',2,1,1),(185,'2017-09-28 09:20:23','Passage carte',1,1,1),(186,'2017-09-28 09:28:31','Passage carte',1,1,1),(187,'2017-09-28 09:37:01','Passage carte',1,1,1),(188,'2017-09-28 10:37:58','Passage carte',2,1,1),(189,'2017-09-28 11:24:17','Passage carte',1,1,1),(190,'2017-09-28 13:28:23','Passage carte',2,1,1),(191,'2017-09-28 13:32:28','Passage carte',1,1,1),(192,'2017-09-28 14:26:09','Passage carte',1,1,1),(193,'2017-09-28 15:06:16','Passage carte',2,1,1),(194,'2017-09-28 15:25:26','Passage carte',2,1,1),(195,'2017-09-28 15:25:40','Passage carte',2,1,1),(196,'2017-09-28 16:39:54','Passage carte',2,1,1),(197,'2017-09-29 08:01:26','Passage carte',1,1,1),(198,'2017-09-29 08:19:47','Passage carte',2,1,1),(199,'2017-09-29 08:56:42','Passage carte',2,1,1),(200,'2017-09-29 09:13:12','Passage carte',2,1,1),(201,'2017-09-29 09:51:30','Passage carte',2,1,1),(202,'2017-09-29 10:05:16','Passage carte',1,1,1),(203,'2017-09-29 11:52:55','Passage carte',1,1,1),(204,'2017-09-29 11:59:04','Passage carte',1,1,1),(205,'2017-09-29 12:04:53','Passage carte',2,1,1),(206,'2017-09-29 12:23:28','Passage carte',2,1,1),(207,'2017-09-29 13:09:37','Passage carte',2,1,1),(208,'2017-09-29 13:31:07','Passage carte',1,1,1),(209,'2017-09-29 18:39:31','Passage carte',2,1,1),(210,'2017-09-29 18:54:44','Passage carte',2,1,1),(211,'2017-09-30 17:51:06','Passage carte',2,1,1),(212,'2017-10-02 08:06:39','Passage carte',2,1,1),(213,'2017-10-02 09:09:44','Passage carte',2,1,1),(214,'2017-10-02 12:45:15','Passage carte',2,1,1),(215,'2017-10-02 14:16:51','Passage carte',2,1,1),(216,'2017-10-03 10:36:51','Passage carte',2,1,1),(217,'2017-10-03 12:20:36','Passage carte',2,1,1),(218,'2017-10-03 12:21:01','Passage carte',2,1,1),(219,'2017-10-03 14:14:54','Passage carte',2,1,1),(220,'2017-10-03 15:43:13','Passage carte',2,1,1),(221,'2017-10-03 15:54:04','Passage carte',2,1,1),(222,'2017-10-03 16:09:01','Passage carte',2,1,1),(223,'2017-10-03 16:10:55','Passage carte',2,1,1),(224,'2017-10-03 17:33:29','Passage carte',2,1,1),(225,'2017-10-03 19:05:25','Passage carte',2,1,1),(226,'2017-10-04 12:13:45','Passage carte',2,1,1),(227,'2017-10-04 13:31:36','Passage carte',2,1,1),(228,'2017-10-04 15:41:38','Passage carte',2,1,1),(229,'2017-10-04 17:03:45','Passage carte',2,1,1),(230,'2017-10-04 17:11:26','Passage carte',2,1,1),(231,'2017-10-04 18:43:30','Passage carte',2,1,1),(232,'2017-10-06 13:19:33','Passage carte',2,1,1),(233,'2017-10-06 15:44:20','Passage carte',2,1,1),(234,'2017-10-06 15:44:32','Passage carte',2,1,1),(235,'2017-10-06 16:01:55','Passage carte',2,1,1),(236,'2017-10-07 10:56:48','Passage carte',2,1,1),(237,'2017-10-09 08:03:07','Passage carte',1,1,1),(238,'2017-10-09 08:09:54','Passage carte',2,1,1),(239,'2017-10-09 09:21:25','Passage carte',1,1,1),(240,'2017-10-09 09:52:34','Passage carte',1,1,1),(241,'2017-10-09 10:29:58','Passage carte',2,1,1),(242,'2017-10-09 13:37:29','Passage carte',1,1,1),(243,'2017-10-09 14:15:13','Passage carte',2,1,1),(244,'2017-10-09 14:21:31','Passage carte',1,1,1),(245,'2017-10-09 14:25:07','Passage carte',2,1,1),(246,'2017-10-09 14:39:27','Passage carte',2,1,1),(247,'2017-10-09 15:30:58','Passage carte',1,1,1),(248,'2017-10-09 16:43:28','Passage carte',1,1,1),(249,'2017-10-09 17:01:48','Passage carte',1,1,1),(250,'2017-10-09 17:16:14','Passage carte',2,1,1),(251,'2017-10-10 08:05:51','Passage carte',1,1,1),(252,'2017-10-10 09:10:37','Passage carte',1,1,1),(253,'2017-10-10 09:15:04','Passage carte',1,1,1),(254,'2017-10-10 09:29:04','Passage carte',2,1,1),(255,'2017-10-10 09:59:25','Passage carte',2,1,1),(256,'2017-10-10 11:13:10','Passage carte',1,1,1),(257,'2017-10-10 11:16:35','Passage carte',2,1,1),(258,'2017-10-10 13:38:42','Passage carte',1,1,1),(259,'2017-10-10 14:38:02','Passage carte',2,1,1),(260,'2017-10-10 15:16:04','Passage carte',1,1,1),(261,'2017-10-10 16:51:03','Passage carte',2,1,1),(262,'2017-10-10 16:53:20','Passage carte',1,1,1),(263,'2017-10-10 18:47:26','Passage carte',2,1,1),(264,'2017-10-11 08:05:52','Passage carte',1,1,1),(265,'2017-10-11 09:59:01','Passage carte',1,1,1),(266,'2017-10-11 13:32:42','Passage carte',1,1,1),(267,'2017-10-11 14:52:00','Passage carte',1,1,1),(268,'2017-10-11 15:59:42','Passage carte',1,1,1),(269,'2017-10-12 08:04:43','Passage carte',1,1,1),(270,'2017-10-12 09:27:22','Passage carte',1,1,1),(271,'2017-10-12 13:32:57','Passage carte',1,1,1),(272,'2017-10-12 15:35:29','Passage carte',1,1,1),(273,'2017-10-13 08:03:53','Passage carte',1,1,1),(274,'2017-10-13 09:23:44','Passage carte',1,1,1),(275,'2017-10-13 09:38:03','Passage carte',2,1,1),(276,'2017-10-13 10:55:12','Passage carte',1,1,1),(277,'2017-10-13 13:13:59','Passage carte',1,1,1),(278,'2017-10-13 13:18:09','Passage carte',2,1,1),(279,'2017-10-13 15:42:32','Passage carte',1,1,1),(280,'2017-10-16 08:06:15','Passage carte',2,1,1),(281,'2017-10-16 08:23:13','Passage carte',2,1,1),(282,'2017-10-16 08:30:07','Passage carte',2,1,1),(283,'2017-10-16 08:30:14','Passage carte',2,1,1),(284,'2017-10-16 08:33:51','Passage carte',1,1,1),(285,'2017-10-16 08:45:09','Passage carte',3,1,1),(286,'2017-10-16 08:45:15','Passage carte',3,1,1),(287,'2017-10-16 09:40:41','Passage carte',2,1,1),(288,'2017-10-16 09:59:41','Passage carte',1,1,1),(289,'2017-10-16 11:11:15','Passage carte',1,1,1),(290,'2017-10-16 11:28:18','Passage carte',1,1,1),(291,'2017-10-16 13:05:24','Passage carte',3,1,1),(292,'2017-10-16 13:07:02','Passage carte',3,1,1),(293,'2017-10-16 13:13:45','Passage carte',3,1,1),(294,'2017-10-16 13:18:32','Passage carte',3,1,1),(295,'2017-10-16 13:25:16','Passage carte',1,1,1),(296,'2017-10-16 15:34:02','Passage carte',1,1,1),(297,'2017-10-16 16:54:39','Passage carte',1,1,1),(298,'2017-10-16 18:21:19','Passage carte',2,1,1),(299,'2017-10-16 18:45:27','Passage carte',2,1,1),(300,'2017-10-17 08:09:37','Passage carte',2,1,1),(301,'2017-10-17 08:32:33','Passage carte',1,1,1),(302,'2017-10-17 10:00:26','Passage carte',1,1,1),(303,'2017-10-17 10:59:54','Passage carte',2,1,1),(304,'2017-10-17 11:27:09','Passage carte',1,1,1),(305,'2017-10-17 11:55:51','Passage carte',2,1,1),(306,'2017-10-17 13:02:51','Passage carte',3,1,1),(307,'2017-10-17 13:03:10','Passage carte',3,1,1),(308,'2017-10-17 13:03:15','Passage carte',3,1,1),(309,'2017-10-17 13:33:45','Passage carte',1,1,1),(310,'2017-10-17 17:57:03','Passage carte',2,1,1),(311,'2017-10-18 08:11:36','Passage carte',3,1,1),(312,'2017-10-18 08:11:49','Passage carte',3,1,1),(313,'2017-10-18 08:12:05','Passage carte',3,1,1),(314,'2017-10-18 08:12:12','Passage carte',3,1,1),(315,'2017-10-18 08:13:45','Passage carte',3,1,1),(316,'2017-10-18 08:15:14','Passage carte',3,1,1),(317,'2017-10-18 08:20:20','Passage carte',3,1,1),(318,'2017-10-18 08:20:49','Passage carte',2,1,1),(319,'2017-10-18 08:20:54','Passage carte',2,1,1),(320,'2017-10-18 08:35:59','Passage carte',1,1,1),(321,'2017-10-18 09:16:18','Passage carte',2,1,1),(322,'2017-10-18 09:49:53','Passage carte',2,1,1),(323,'2017-10-18 11:24:00','Passage carte',2,1,1),(324,'2017-10-18 11:55:06','Passage carte',2,1,1),(325,'2017-10-18 13:01:10','Passage carte',3,1,1),(326,'2017-10-18 13:34:22','Passage carte',1,1,1),(327,'2017-10-18 14:29:14','Passage carte',2,1,1),(328,'2017-10-18 17:09:32','Passage carte',2,1,1),(329,'2017-10-18 17:11:34','Passage carte',1,1,1),(330,'2017-10-18 18:10:04','Passage carte',2,1,1),(331,'2017-10-18 18:19:29','Passage carte',2,1,1),(332,'2017-10-19 08:14:38','Passage carte',2,1,1),(333,'2017-10-19 08:39:25','Passage carte',1,1,1),(334,'2017-10-19 09:34:29','Passage carte',2,1,1),(335,'2017-10-19 11:57:29','Passage carte',2,1,1),(336,'2017-10-19 12:41:04','Passage carte',2,1,1),(337,'2017-10-19 13:14:50','Passage carte',3,1,1),(338,'2017-10-19 13:41:09','Passage carte',1,1,1),(339,'2017-10-20 08:16:24','Passage carte',3,1,1),(340,'2017-10-20 08:33:09','Passage carte',1,1,1),(341,'2017-10-20 13:06:59','Passage carte',3,1,1),(342,'2017-10-20 13:30:59','Passage carte',1,1,1),(343,'2017-10-20 14:57:28','Passage carte',1,1,1),(344,'2017-10-20 16:00:22','Passage carte',1,1,1),(345,'2017-10-20 16:26:54','Passage carte',1,1,1),(346,'2017-10-23 12:58:52','Passage carte',2,1,1),(347,'2017-10-23 19:25:35','Passage carte',2,1,1),(348,'2017-10-24 07:57:33','Passage carte',2,1,1),(349,'2017-10-24 09:05:15','Passage carte',2,1,1),(350,'2017-10-24 11:08:02','Passage carte',2,1,1),(351,'2017-10-24 12:42:25','Passage carte',2,1,1),(352,'2017-10-24 17:49:21','Passage carte',2,1,1),(353,'2017-10-24 19:44:26','Passage carte',2,1,1),(354,'2017-10-25 08:24:02','Passage carte',2,1,1),(355,'2017-10-25 10:25:04','Passage carte',2,1,1),(356,'2017-10-25 14:23:24','Passage carte',2,1,1),(357,'2017-10-25 14:36:50','Passage carte',2,1,1),(358,'2017-10-25 14:40:25','Passage carte',4,1,1),(359,'2017-10-25 14:40:33','Passage carte',4,1,1),(360,'2017-10-25 14:44:21','Passage carte',2,1,1),(361,'2017-10-25 15:13:31','Passage carte',2,1,1),(362,'2017-10-25 16:52:21','Passage carte',2,1,1),(363,'2017-10-25 17:26:48','Passage carte',2,1,1),(364,'2017-10-30 08:03:13','Passage carte',2,1,1),(365,'2017-10-30 08:25:16','Passage carte',1,1,1),(366,'2017-10-30 09:36:00','Passage carte',1,1,1),(367,'2017-10-30 10:07:04','Passage carte',1,1,1),(368,'2017-10-30 10:22:00','Passage carte',2,1,1),(369,'2017-10-30 11:27:03','Passage carte',1,1,1),(370,'2017-10-30 12:10:02','Passage carte',2,1,1),(371,'2017-10-30 13:32:42','Passage carte',1,1,1),(372,'2017-10-30 14:45:22','Passage carte',1,1,1),(373,'2017-10-30 15:03:37','Passage carte',2,1,1),(374,'2017-10-30 15:42:31','Passage carte',1,1,1),(375,'2017-10-30 17:17:31','Passage carte',1,1,1),(376,'2017-10-30 17:50:17','Passage carte',1,1,1),(377,'2017-10-31 08:00:12','Passage carte',2,1,1),(378,'2017-10-31 08:34:25','Passage carte',1,1,1),(379,'2017-10-31 08:42:17','Passage carte',2,1,1),(380,'2017-10-31 10:10:09','Passage carte',1,1,1),(381,'2017-10-31 10:14:34','Passage carte',2,1,1),(382,'2017-10-31 12:01:50','Passage carte',1,1,1),(383,'2017-10-31 12:05:18','Passage carte',2,1,1),(384,'2017-10-31 13:05:35','Passage carte',2,1,1),(385,'2017-10-31 13:33:48','Passage carte',1,1,1),(386,'2017-10-31 14:53:14','Passage carte',2,1,1),(387,'2017-10-31 15:27:24','Passage carte',1,1,1),(388,'2017-10-31 15:32:43','Passage carte',2,1,1),(389,'2017-10-31 16:42:23','Passage carte',1,1,1),(390,'2017-11-02 09:06:47','Passage carte',2,1,1),(391,'2017-11-02 10:47:16','Passage carte',2,1,1),(392,'2017-11-02 12:50:54','Passage carte',2,1,1),(393,'2017-11-02 12:56:49','Passage carte',2,1,1),(394,'2017-11-02 14:22:07','Passage carte',2,1,1),(395,'2017-11-02 15:07:19','Passage carte',2,1,1),(396,'2017-11-03 07:47:46','Passage carte',2,1,1),(397,'2017-11-03 07:49:41','Passage carte',2,1,1),(398,'2017-11-03 08:30:22','Passage carte',2,1,1),(399,'2017-11-03 09:31:37','Passage carte',2,1,1),(400,'2017-11-03 10:32:03','Passage carte',2,1,1),(401,'2017-11-03 12:35:57','Passage carte',2,1,1),(402,'2017-11-03 13:20:00','Passage carte',2,1,1),(403,'2017-11-06 08:10:50','Passage carte',2,1,1),(404,'2017-11-06 08:24:24','Passage carte',1,1,1),(405,'2017-11-06 08:36:54','Passage carte',2,1,1),(406,'2017-11-06 10:02:36','Passage carte',2,1,1),(407,'2017-11-06 10:05:25','Passage carte',1,1,1),(408,'2017-11-06 11:08:41','Passage carte',2,1,1),(409,'2017-11-06 11:09:01','Passage carte',2,1,0),(410,'2017-11-06 11:09:02','Passage carte',2,1,0),(411,'2017-11-06 11:14:14','Passage carte',1,1,1),(412,'2017-11-06 11:34:05','Passage carte',2,1,1),(413,'2017-11-06 13:04:54','Passage carte',2,1,1),(414,'2017-11-06 13:28:07','Passage carte',1,1,1),(415,'2017-11-06 14:34:57','Passage carte',1,1,1),(416,'2017-11-06 16:31:42','Passage carte',1,1,1),(417,'2017-11-06 18:17:28','Passage carte',2,1,1),(418,'2017-11-06 18:20:18','Passage carte',2,1,1),(419,'2017-11-07 08:17:42','Passage carte',2,1,1),(420,'2017-11-07 08:32:36','Passage carte',1,1,1),(421,'2017-11-07 09:33:45','Passage carte',2,1,1),(422,'2017-11-07 10:21:55','Passage carte',1,1,1),(423,'2017-11-07 11:38:24','Passage carte',1,1,1),(424,'2017-11-07 13:29:07','Passage carte',1,1,1),(425,'2017-11-07 14:44:14','Passage carte',1,1,1),(426,'2017-11-07 15:53:26','Passage carte',1,1,1),(427,'2017-11-07 16:00:02','Passage carte',1,1,1),(428,'2017-11-08 08:19:11','Passage carte',2,1,1),(429,'2017-11-08 08:25:21','Passage carte',1,1,1),(430,'2017-11-08 09:57:09','Passage carte',2,1,1),(431,'2017-11-08 10:20:13','Passage carte',1,1,1),(432,'2017-11-08 10:55:00','Passage carte',2,1,1),(433,'2017-11-08 11:22:24','Passage carte',2,1,1),(434,'2017-11-08 11:32:53','Passage carte',1,1,1),(435,'2017-11-08 11:58:18','Passage carte',2,1,1),(436,'2017-11-08 12:14:05','Passage carte',2,1,1),(437,'2017-11-08 13:26:14','Passage carte',1,1,1),(438,'2017-11-08 13:37:02','Passage carte',2,1,1),(439,'2017-11-08 16:03:58','Passage carte',1,1,1),(440,'2017-11-08 16:43:01','Passage carte',2,1,1),(441,'2017-11-08 18:20:11','Passage carte',2,1,1),(442,'2017-11-08 18:20:17','Passage carte',2,1,1),(443,'2017-11-08 18:21:05','Passage carte',2,1,1),(444,'2017-11-09 08:32:12','Passage carte',1,1,1),(445,'2017-11-09 10:05:36','Passage carte',1,1,1),(446,'2017-11-09 11:25:13','Passage carte',1,1,1),(447,'2017-11-09 13:54:01','Passage carte',1,1,1),(448,'2017-11-09 15:03:29','Passage carte',1,1,1),(449,'2017-11-09 15:08:00','Passage carte',1,1,1),(450,'2017-11-09 15:13:38','Passage carte',2,1,1),(451,'2017-11-09 15:21:22','Passage carte',2,1,1),(452,'2017-11-09 15:23:12','Passage carte',2,1,1),(453,'2017-11-09 16:31:06','Passage carte',1,1,1),(454,'2017-11-09 16:54:46','Passage carte',2,1,1),(455,'2017-11-09 19:25:37','Passage carte',2,1,1),(456,'2017-11-10 08:08:13','Passage carte',2,1,1),(457,'2017-11-10 08:33:25','Passage carte',1,1,1),(458,'2017-11-10 08:39:50','Passage carte',2,1,1),(459,'2017-11-10 09:38:07','Passage carte',1,1,1),(460,'2017-11-10 10:02:48','Passage carte',2,1,1),(461,'2017-11-10 11:09:51','Passage carte',1,1,1),(462,'2017-11-10 11:17:32','Passage carte',1,1,1),(463,'2017-11-10 11:32:36','Passage carte',1,1,1),(464,'2017-11-10 12:09:16','Passage carte',2,1,1),(465,'2017-11-10 12:29:56','Passage carte',2,1,1),(466,'2017-11-10 13:28:35','Passage carte',1,1,1),(467,'2017-11-10 13:28:49','Passage carte',1,1,1),(468,'2017-11-10 15:03:27','Passage carte',2,1,1),(469,'2017-11-10 15:10:20','Passage carte',2,1,1),(470,'2017-11-10 15:19:14','Passage carte',1,1,1),(471,'2017-11-10 17:43:07','Passage carte',2,1,1),(472,'2017-11-13 08:08:53','Passage carte',2,1,1),(473,'2017-11-13 08:29:23','Passage carte',2,1,1),(474,'2017-11-13 09:02:32','Passage carte',2,1,1),(475,'2017-11-13 09:38:44','Passage carte',2,1,1),(476,'2017-11-13 09:46:57','Passage carte',2,1,1),(477,'2017-11-13 10:15:49','Passage carte',2,1,1),(478,'2017-11-13 11:54:09','Passage carte',2,1,1),(479,'2017-11-13 13:42:51','Passage carte',2,1,1),(480,'2017-11-13 13:43:10','Passage carte',2,1,1),(481,'2017-11-13 13:59:44','Passage carte',2,1,1),(482,'2017-11-13 14:50:05','Passage carte',2,1,1),(483,'2017-11-13 15:37:06','Passage carte',2,1,1),(484,'2017-11-13 18:08:21','Passage carte',2,1,1),(485,'2017-11-13 19:11:13','Passage carte',1,1,1),(486,'2017-11-15 08:08:32','Passage carte',2,1,1),(487,'2017-11-15 08:09:48','Passage carte',2,1,1),(488,'2017-11-15 10:01:33','Passage carte',2,1,1),(489,'2017-11-15 10:07:02','Passage carte',2,1,1),(490,'2017-11-15 12:20:48','Passage carte',2,1,1),(491,'2017-11-15 14:00:24','Passage carte',2,1,1),(492,'2017-11-15 15:25:04','Passage carte',2,1,1),(493,'2017-11-15 17:32:00','Passage carte',2,1,1),(494,'2017-11-15 18:14:24','Passage carte',2,1,1),(495,'2017-11-16 08:07:50','Passage carte',2,1,1),(496,'2017-11-16 08:38:40','Passage carte',2,1,1),(497,'2017-11-16 11:16:13','Passage carte',2,1,1),(498,'2017-11-16 11:54:12','Passage carte',2,1,1),(499,'2017-11-17 16:51:18','Passage carte',4,1,1),(500,'2017-11-17 16:51:23','Passage carte',4,1,1),(501,'2017-11-20 08:28:23','Passage carte',1,1,1),(502,'2017-11-20 10:27:08','Passage carte',1,1,1),(503,'2017-11-20 11:28:25','Passage carte',1,1,1),(504,'2017-11-20 11:32:07','Passage carte',2,1,1),(505,'2017-11-20 12:24:34','Passage carte',2,1,1),(506,'2017-11-20 12:57:10','Passage carte',2,1,1),(507,'2017-11-20 12:57:21','Passage carte',2,1,1),(508,'2017-11-20 13:24:57','Passage carte',1,1,1),(509,'2017-11-20 13:31:51','Passage carte',2,1,1),(510,'2017-11-20 14:43:46','Passage carte',1,1,1),(511,'2017-11-20 15:04:37','Passage carte',2,1,1),(512,'2017-11-20 15:52:34','Passage carte',2,1,1),(513,'2017-11-20 15:52:55','Passage carte',2,1,1),(514,'2017-11-20 16:09:00','Passage carte',1,1,1),(515,'2017-11-20 16:12:12','Passage carte',1,1,1),(516,'2017-11-20 16:13:51','Passage carte',2,1,1),(517,'2017-11-20 16:16:50','Passage carte',1,1,1),(518,'2017-11-20 16:42:46','Passage carte',2,1,1),(519,'2017-11-21 07:54:41','Passage carte',2,1,1),(520,'2017-11-21 08:26:26','Passage carte',1,1,1),(521,'2017-11-21 09:07:08','Passage carte',2,1,1),(522,'2017-11-21 10:03:46','Passage carte',2,1,1),(523,'2017-11-21 11:13:13','Passage carte',1,1,1),(524,'2017-11-21 11:21:32','Passage carte',1,1,1),(525,'2017-11-21 11:27:46','Passage carte',1,1,1),(526,'2017-11-21 13:33:44','Passage carte',1,1,1),(527,'2017-11-21 15:04:04','Passage carte',1,1,1),(528,'2017-11-21 16:05:58','Passage carte',1,1,1),(529,'2017-11-21 16:32:25','Passage carte',1,1,1),(530,'2017-11-22 08:23:53','Passage carte',2,1,1),(531,'2017-11-22 08:30:46','Passage carte',1,1,1),(532,'2017-11-22 09:15:23','Passage carte',1,1,1),(533,'2017-11-22 11:34:57','Passage carte',1,1,1),(534,'2017-11-22 11:40:20','Passage carte',2,1,1),(535,'2017-11-22 11:58:09','Passage carte',2,1,1),(536,'2017-11-22 11:58:15','Passage carte',2,1,1),(537,'2017-11-22 12:51:19','Passage carte',2,1,1),(538,'2017-11-22 13:30:13','Passage carte',1,1,1),(539,'2017-11-22 13:34:43','Passage carte',2,1,1),(540,'2017-11-22 13:47:07','Passage carte',2,1,1),(541,'2017-11-22 14:39:30','Passage carte',2,1,1),(542,'2017-11-22 14:47:17','Passage carte',1,1,1),(543,'2017-11-22 14:49:11','Passage carte',1,1,1),(544,'2017-11-22 15:13:33','Passage carte',1,1,1),(545,'2017-11-22 15:36:06','Passage carte',2,1,1),(546,'2017-11-22 15:47:23','Passage carte',2,1,1),(547,'2017-11-22 16:11:19','Passage carte',1,1,1),(548,'2017-11-24 08:11:42','Passage carte',2,1,1),(549,'2017-11-24 09:22:29','Passage carte',2,1,1),(550,'2017-11-24 10:39:51','Passage carte',2,1,1),(551,'2017-11-24 11:21:07','Passage carte',2,1,1),(552,'2017-11-24 12:25:17','Passage carte',2,1,1),(553,'2017-11-24 15:06:14','Passage carte',2,1,1),(554,'2017-11-24 17:08:20','Passage carte',2,1,1),(555,'2017-11-27 08:09:20','Passage carte',2,1,1),(556,'2017-11-27 08:30:56','Passage carte',1,1,1),(557,'2017-11-27 08:32:36','Passage carte',2,1,1),(558,'2017-11-27 08:49:27','Passage carte',2,1,1),(559,'2017-11-27 08:49:36','Passage carte',2,1,1),(560,'2017-11-27 08:55:38','Passage carte',2,1,0),(561,'2017-11-27 08:55:39','Passage carte',2,1,0),(562,'2017-11-27 08:55:40','Passage carte',2,1,0),(563,'2017-11-27 08:55:41','Passage carte',2,1,0),(564,'2017-11-27 08:55:45','Passage carte',2,1,0),(565,'2017-11-27 08:55:51','Passage carte',2,1,1),(566,'2017-11-27 09:18:59','Passage carte',2,1,1),(567,'2017-11-27 09:51:08','Passage carte',1,1,1),(568,'2017-11-27 10:14:50','Passage carte',2,1,1),(569,'2017-11-27 10:20:49','Passage carte',1,1,1),(570,'2017-11-27 10:27:34','Passage carte',2,1,1),(571,'2017-11-27 11:30:23','Passage carte',1,1,1),(572,'2017-11-27 11:50:17','Passage carte',2,1,1),(573,'2017-11-27 12:00:47','Passage carte',2,1,1),(574,'2017-11-27 13:25:51','Passage carte',1,1,1),(575,'2017-11-27 13:47:00','Passage carte',2,1,1),(576,'2017-11-27 14:21:48','Passage carte',1,1,1),(577,'2017-11-27 14:51:19','Passage carte',2,1,1),(578,'2017-11-27 15:15:29','Passage carte',1,1,1),(579,'2017-11-27 16:44:04','Passage carte',1,1,1),(580,'2017-11-28 08:12:30','Passage carte',2,1,1),(581,'2017-11-28 08:32:01','Passage carte',1,1,1),(582,'2017-11-28 08:48:01','Passage carte',2,1,1),(583,'2017-11-28 09:00:33','Passage carte',2,1,1),(584,'2017-11-28 09:54:58','Passage carte',2,1,1),(585,'2017-11-28 10:03:05','Passage carte',1,1,1),(586,'2017-11-28 11:20:21','Passage carte',1,1,1),(587,'2017-11-28 11:21:25','Passage carte',2,1,1),(588,'2017-11-28 11:43:37','Passage carte',1,1,1),(589,'2017-11-28 11:53:01','Passage carte',2,1,1),(590,'2017-11-28 12:17:26','Passage carte',2,1,1),(591,'2017-11-28 13:28:21','Passage carte',1,1,1),(592,'2017-11-28 13:28:32','Passage carte',1,1,1),(593,'2017-11-28 15:16:15','Passage carte',1,1,1),(594,'2017-11-28 16:31:59','Passage carte',1,1,1),(595,'2017-11-29 08:30:23','Passage carte',1,1,1),(596,'2017-11-29 09:01:47','Passage carte',2,1,1),(597,'2017-11-29 09:08:51','Passage carte',2,1,1),(598,'2017-11-29 10:14:30','Passage carte',1,1,1),(599,'2017-11-29 11:15:17','Passage carte',2,1,1),(600,'2017-11-29 11:37:42','Passage carte',2,1,1),(601,'2017-11-29 13:29:22','Passage carte',1,1,1),(602,'2017-11-29 13:51:56','Passage carte',2,1,1),(603,'2017-11-29 15:42:03','Passage carte',1,1,1),(604,'2017-11-29 16:08:57','Passage carte',1,1,1),(605,'2017-11-29 16:47:46','Passage carte',1,1,1),(606,'2017-11-29 17:01:02','Passage carte',2,1,1),(607,'2017-11-29 17:48:02','Passage carte',2,1,1),(608,'2017-11-29 18:25:14','Passage carte',1,1,1),(609,'2017-11-30 08:11:12','Passage carte',2,1,1),(610,'2017-11-30 08:18:17','Passage carte',2,1,1),(611,'2017-11-30 11:43:29','Passage carte',2,1,1),(612,'2017-11-30 13:47:37','Passage carte',2,1,1),(613,'2017-11-30 17:52:34','Passage carte',2,1,1),(614,'2017-12-01 08:13:57','Passage carte',2,1,1),(615,'2017-12-01 09:59:06','Passage carte',2,1,1),(616,'2017-12-01 10:27:24','Passage carte',2,1,1),(617,'2017-12-01 10:31:13','Passage carte',1,1,1),(618,'2017-12-01 13:49:30','Passage carte',2,1,1),(619,'2017-12-01 14:46:07','Passage carte',2,1,1),(620,'2017-12-03 16:01:00','Passage carte',4,1,1),(621,'2017-12-03 16:23:34','Passage carte',4,1,1),(622,'2017-12-04 07:55:19','Passage carte',2,1,1),(623,'2017-12-04 09:14:26','Passage carte',2,1,1),(624,'2017-12-04 11:18:57','Passage carte',2,1,1),(625,'2017-12-04 13:36:19','Passage carte',2,1,1),(626,'2017-12-04 14:07:51','Passage carte',2,1,1),(627,'2017-12-05 09:23:10','Passage carte',2,1,1),(628,'2017-12-05 14:44:47','Passage carte',2,1,1),(629,'2017-12-05 15:55:57','Passage carte',2,1,1),(630,'2017-12-05 17:26:28','Passage carte',2,1,1),(631,'2017-12-05 18:40:11','Passage carte',2,1,1),(632,'2017-12-05 19:10:32','Passage carte',2,1,1),(633,'2017-12-05 19:13:11','Passage carte',2,1,1),(634,'2017-12-06 17:00:54','Passage carte',2,1,1),(635,'2017-12-06 18:14:49','Passage carte',2,1,1),(636,'2017-12-06 18:18:21','Passage carte',2,1,1),(637,'2017-12-06 19:22:53','Passage carte',2,1,1),(638,'2017-12-06 19:53:32','Passage carte',2,1,1),(639,'2017-12-06 20:19:16','Passage carte',2,1,1),(640,'2017-12-06 20:25:51','Passage carte',2,1,1),(641,'2017-12-07 09:02:45','Passage carte',2,1,1),(642,'2017-12-07 09:45:40','Passage carte',2,1,1),(643,'2017-12-07 10:53:45','Passage carte',2,1,1),(644,'2017-12-07 12:58:50','Passage carte',2,1,1),(645,'2017-12-07 13:28:53','Passage carte',2,1,1),(646,'2017-12-07 16:19:29','Passage carte',2,1,1),(647,'2017-12-08 10:41:23','Passage carte',2,1,1),(648,'2017-12-08 14:02:45','Passage carte',2,1,1),(649,'2017-12-08 14:36:32','Passage carte',2,1,1),(650,'2017-12-11 08:21:51','Passage carte',2,1,1),(651,'2017-12-11 08:32:32','Passage carte',1,1,1),(652,'2017-12-11 09:44:46','Passage carte',2,1,1),(653,'2017-12-11 10:45:56','Passage carte',1,1,1),(654,'2017-12-11 12:19:44','Passage carte',2,1,1),(655,'2017-12-11 13:26:46','Passage carte',1,1,1),(656,'2017-12-11 14:02:58','Passage carte',2,1,1),(657,'2017-12-11 14:52:39','Passage carte',1,1,1),(658,'2017-12-11 16:38:38','Passage carte',1,1,1),(659,'2017-12-12 08:31:34','Passage carte',1,1,1),(660,'2017-12-12 10:04:11','Passage carte',1,1,1),(661,'2017-12-12 10:43:29','Passage carte',1,1,1),(662,'2017-12-12 11:21:08','Passage carte',1,1,1),(663,'2017-12-12 13:25:55','Passage carte',1,1,1),(664,'2017-12-12 15:18:47','Passage carte',1,1,1),(665,'2017-12-12 16:50:24','Passage carte',1,1,1),(666,'2017-12-13 08:40:22','Passage carte',1,1,1),(667,'2017-12-13 09:09:17','Passage carte',2,1,1),(668,'2017-12-13 11:55:16','Passage carte',1,1,1),(669,'2017-12-13 12:53:09','Passage carte',2,1,1),(670,'2017-12-13 13:29:59','Passage carte',1,1,1),(671,'2017-12-13 15:09:52','Passage carte',2,1,1),(672,'2017-12-13 16:55:16','Passage carte',1,1,1),(673,'2017-12-14 08:34:07','Passage carte',1,1,1),(674,'2017-12-14 10:25:56','Passage carte',1,1,1),(675,'2017-12-14 11:00:21','Passage carte',1,1,1),(676,'2017-12-14 13:30:30','Passage carte',1,1,1),(677,'2017-12-14 13:52:54','Passage carte',1,1,1),(678,'2017-12-14 15:30:02','Passage carte',1,1,1),(679,'2017-12-14 16:43:03','Passage carte',1,1,1),(680,'2017-12-14 17:27:14','Passage carte',1,1,1),(681,'2017-12-15 08:37:14','Passage carte',1,1,1),(682,'2017-12-15 09:50:45','Passage carte',1,1,1),(683,'2017-12-15 10:21:55','Passage carte',1,1,1),(684,'2017-12-15 11:26:42','Passage carte',2,1,1),(685,'2017-12-15 11:35:36','Passage carte',1,1,1),(686,'2017-12-15 11:58:53','Passage carte',1,1,1),(687,'2017-12-15 13:17:41','Passage carte',2,1,1),(688,'2017-12-15 13:28:49','Passage carte',1,1,1),(689,'2017-12-15 14:02:49','Passage carte',2,1,1),(690,'2017-12-15 16:24:00','Passage carte',2,1,1),(691,'2017-12-17 11:01:22','Passage carte',2,1,1),(692,'2017-12-17 12:38:20','Passage carte',2,1,1),(693,'2017-12-17 13:38:45','Passage carte',2,1,1),(694,'2017-12-18 10:00:22','Passage carte',2,1,1),(695,'2017-12-18 12:13:22','Passage carte',2,1,1),(696,'2017-12-18 14:40:05','Passage carte',2,1,1),(697,'2017-12-18 15:04:04','Passage carte',2,1,1),(698,'2017-12-18 16:14:19','Passage carte',2,1,1),(699,'2017-12-18 18:13:44','Passage carte',2,1,1),(700,'2017-12-19 07:53:58','Passage carte',2,1,1),(701,'2017-12-19 09:02:10','Passage carte',2,1,1),(702,'2017-12-19 10:28:10','Passage carte',2,1,1),(703,'2017-12-19 14:15:06','Passage carte',2,1,1),(704,'2017-12-19 15:40:59','Passage carte',2,1,1),(705,'2017-12-20 08:45:24','Passage carte',2,1,1),(706,'2017-12-20 13:12:00','Passage carte',2,1,1),(707,'2017-12-20 15:38:56','Passage carte',2,1,1),(708,'2017-12-20 16:26:16','Passage carte',2,1,1),(709,'2017-12-20 18:47:00','Passage carte',2,1,1),(710,'2017-12-20 19:09:59','Passage carte',2,1,1),(711,'2017-12-21 08:06:30','Passage carte',2,1,1),(712,'2017-12-21 11:07:19','Passage carte',2,1,1),(713,'2017-12-21 12:22:06','Passage carte',2,1,1),(714,'2017-12-21 12:47:18','Passage carte',2,1,1),(715,'2017-12-21 15:22:24','Passage carte',2,1,1),(716,'2017-12-22 08:55:22','Passage carte',2,1,1),(717,'2017-12-22 10:20:02','Passage carte',2,1,1),(718,'2017-12-22 10:44:31','Passage carte',2,1,1),(719,'2017-12-27 10:39:19','Passage carte',2,1,1),(720,'2017-12-27 11:02:43','Passage carte',2,1,1),(721,'2017-12-27 12:40:29','Passage carte',2,1,1),(722,'2017-12-27 13:37:16','Passage carte',2,1,1),(723,'2017-12-27 18:11:22','Passage carte',2,1,1),(724,'2017-12-27 18:17:08','Passage carte',2,1,1),(725,'2017-12-27 18:19:46','Passage carte',2,1,1),(726,'2017-12-28 08:43:59','Passage carte',2,1,1),(727,'2017-12-28 10:26:03','Passage carte',2,1,1),(728,'2017-12-28 10:46:04','Passage carte',2,1,1),(729,'2017-12-28 12:12:54','Passage carte',2,1,1),(730,'2017-12-28 13:16:27','Passage carte',2,1,1),(731,'2017-12-28 13:31:14','Passage carte',2,1,1),(732,'2017-12-28 15:05:06','Passage carte',2,1,1),(733,'2017-12-28 17:02:48','Passage carte',2,1,1),(734,'2017-12-28 17:02:55','Passage carte',2,1,1),(735,'2017-12-29 08:08:49','Passage carte',2,1,1),(736,'2017-12-29 12:37:26','Passage carte',2,1,1),(737,'2017-12-29 12:43:35','Passage carte',2,1,1),(738,'2017-12-29 12:56:04','Passage carte',2,1,1),(739,'2017-12-29 13:51:29','Passage carte',2,1,1),(740,'2017-12-29 16:14:18','Passage carte',2,1,1),(741,'2017-12-29 16:37:19','Passage carte',2,1,1),(742,'2017-12-29 16:38:59','Passage carte',2,1,1),(743,'2017-12-29 16:39:07','Passage carte',2,1,1),(744,'2017-12-29 16:42:04','Passage carte',2,1,1),(745,'2018-01-02 10:05:26','Passage carte',2,1,1),(746,'2018-01-02 10:51:52','Passage carte',2,1,1),(747,'2018-01-02 11:50:11','Passage carte',2,1,1),(748,'2018-01-02 13:43:54','Passage carte',2,1,1),(749,'2018-01-02 13:44:13','Passage carte',2,1,1),(750,'2018-01-02 14:24:46','Passage carte',2,1,1),(751,'2018-01-02 17:21:50','Passage carte',2,1,1),(752,'2018-01-02 17:46:18','Passage carte',2,1,1),(753,'2018-01-03 08:22:10','Passage carte',2,1,1),(754,'2018-01-03 08:26:09','Passage carte',1,1,1),(755,'2018-01-03 10:05:17','Passage carte',1,1,1),(756,'2018-01-03 10:19:02','Passage carte',2,1,1),(757,'2018-01-03 10:44:19','Passage carte',2,1,1),(758,'2018-01-03 11:17:18','Passage carte',1,1,1),(759,'2018-01-03 12:07:38','Passage carte',2,1,1),(760,'2018-01-03 12:18:10','Passage carte',2,1,1),(761,'2018-01-03 12:40:04','Passage carte',2,1,1),(762,'2018-01-03 12:44:14','Passage carte',2,1,1),(763,'2018-01-03 13:02:30','Passage carte',2,1,1),(764,'2018-01-03 13:28:31','Passage carte',1,1,1),(765,'2018-01-03 13:45:06','Passage carte',1,1,1),(766,'2018-01-03 13:47:35','Passage carte',1,1,1),(767,'2018-01-03 13:47:41','Passage carte',1,1,1),(768,'2018-01-03 13:47:46','Passage carte',1,1,1),(769,'2018-01-03 13:48:35','Passage carte',1,1,1),(770,'2018-01-03 13:48:40','Passage carte',1,1,1),(771,'2018-01-03 15:50:29','Passage carte',1,1,1),(772,'2018-01-03 18:22:13','Passage carte',2,1,1),(773,'2018-01-04 08:04:16','Passage carte',2,1,1),(774,'2018-01-04 08:30:47','Passage carte',1,1,1),(775,'2018-01-04 09:31:59','Passage carte',2,1,1),(776,'2018-01-04 10:05:26','Passage carte',1,1,1),(777,'2018-01-04 11:38:09','Passage carte',2,1,1),(778,'2018-01-04 13:27:01','Passage carte',1,1,1),(779,'2018-01-04 14:16:22','Passage carte',2,1,1),(780,'2018-01-04 14:21:40','Passage carte',1,1,1),(781,'2018-01-04 15:16:29','Passage carte',2,1,1),(782,'2018-01-04 15:33:16','Passage carte',1,1,1),(783,'2018-01-04 16:45:19','Passage carte',1,1,1),(784,'2018-01-05 08:12:33','Passage carte',2,1,1),(785,'2018-01-05 08:29:55','Passage carte',1,1,1),(786,'2018-01-05 09:56:06','Passage carte',2,1,1),(787,'2018-01-05 10:33:12','Passage carte',1,1,1),(788,'2018-01-05 11:23:33','Passage carte',1,1,1),(789,'2018-01-05 11:52:45','Passage carte',2,1,1),(790,'2018-01-05 12:44:31','Passage carte',2,1,1),(791,'2018-01-05 13:30:59','Passage carte',1,1,1),(792,'2018-01-05 15:22:33','Passage carte',1,1,1),(793,'2018-01-05 15:24:33','Passage carte',1,1,1),(794,'2018-01-08 08:29:00','Passage carte',1,1,1),(795,'2018-01-08 08:38:03','Passage carte',2,1,1),(796,'2018-01-08 08:53:07','Passage carte',2,1,1),(797,'2018-01-08 09:45:52','Passage carte',1,1,1),(798,'2018-01-08 09:57:07','Passage carte',2,1,1),(799,'2018-01-08 10:32:55','Passage carte',2,1,1),(800,'2018-01-08 10:52:27','Passage carte',1,1,1),(801,'2018-01-08 11:41:29','Passage carte',1,1,1),(802,'2018-01-08 12:17:02','Passage carte',2,1,1),(803,'2018-01-08 12:18:37','Passage carte',2,1,1),(804,'2018-01-08 12:48:11','Passage carte',2,1,1),(805,'2018-01-08 13:26:16','Passage carte',1,1,1),(806,'2018-01-08 14:37:48','Passage carte',2,1,1),(807,'2018-01-08 15:10:11','Passage carte',2,1,1),(808,'2018-01-08 15:28:17','Passage carte',2,1,1),(809,'2018-01-08 15:35:51','Passage carte',1,1,1),(810,'2018-01-08 17:06:14','Passage carte',1,1,1),(811,'2018-01-10 10:53:38','Passage carte',2,1,1),(812,'2018-01-10 12:10:15','Passage carte',2,1,1),(813,'2018-01-10 13:36:43','Passage carte',1,1,1),(814,'2018-01-10 15:13:57','Passage carte',1,1,1),(815,'2018-01-10 15:17:39','Passage carte',1,1,1),(816,'2018-01-10 15:19:13','Passage carte',2,1,1),(817,'2018-01-10 15:37:06','Passage carte',2,1,1),(818,'2018-01-10 16:39:49','Passage carte',1,1,1),(819,'2018-01-11 08:02:38','Passage carte',2,1,1),(820,'2018-01-11 08:31:04','Passage carte',1,1,1),(821,'2018-01-11 10:24:20','Passage carte',2,1,1),(822,'2018-01-11 11:49:50','Passage carte',1,1,1),(823,'2018-01-11 11:52:51','Passage carte',2,1,1),(824,'2018-01-11 12:58:58','Passage carte',2,1,1),(825,'2018-01-11 13:27:13','Passage carte',1,1,1),(826,'2018-01-11 13:40:37','Passage carte',2,1,1),(827,'2018-01-11 14:17:50','Passage carte',1,1,1),(828,'2018-01-11 14:18:29','Passage carte',1,1,1),(829,'2018-01-11 14:41:44','Passage carte',1,1,1),(830,'2018-01-11 15:27:59','Passage carte',1,1,1),(831,'2018-01-11 16:06:40','Passage carte',2,1,1),(832,'2018-01-11 16:45:49','Passage carte',2,1,1),(833,'2018-01-11 16:54:39','Passage carte',1,1,1),(834,'2018-01-11 18:33:51','Passage carte',2,1,1),(835,'2018-01-12 08:31:12','Passage carte',1,1,1),(836,'2018-01-12 08:49:13','Passage carte',2,1,1),(837,'2018-01-12 10:24:15','Passage carte',2,1,1),(838,'2018-01-12 10:55:30','Passage carte',1,1,1),(839,'2018-01-12 11:52:28','Passage carte',1,1,1),(840,'2018-01-12 13:00:04','Passage carte',2,1,1),(841,'2018-01-12 13:36:00','Passage carte',1,1,1),(842,'2018-01-12 14:16:46','Passage carte',2,1,1),(843,'2018-01-12 14:27:26','Passage carte',1,1,1),(844,'2018-01-15 08:16:12','Passage carte',2,1,1),(845,'2018-01-15 11:10:53','Passage carte',2,1,1),(846,'2018-01-15 13:01:34','Passage carte',2,1,1),(847,'2018-01-15 14:47:43','Passage carte',2,1,1),(848,'2018-01-15 15:04:52','Passage carte',2,1,1),(849,'2018-01-15 16:31:39','Passage carte',2,1,1),(850,'2018-01-15 16:51:55','Passage carte',2,1,1),(851,'2018-01-16 11:35:27','Passage carte',2,1,1),(852,'2018-01-16 12:34:25','Passage carte',2,1,1),(853,'2018-01-16 18:08:02','Passage carte',2,1,1),(854,'2018-01-16 18:19:44','Passage carte',2,1,1),(855,'2018-01-18 14:27:00','Passage carte',2,1,1),(856,'2018-01-18 14:32:44','Passage carte',2,1,1),(857,'2018-01-18 16:02:21','Passage carte',2,1,1),(858,'2018-01-20 16:38:30','Passage carte',2,1,1),(859,'2018-01-20 16:46:42','Passage carte',2,1,1),(860,'2018-01-22 08:18:29','Passage carte',2,1,1),(861,'2018-01-22 09:02:28','Passage carte',2,1,1),(862,'2018-01-22 09:54:06','Passage carte',2,1,1),(863,'2018-01-22 10:32:08','Passage carte',1,1,1),(864,'2018-01-22 13:19:39','Passage carte',2,1,1),(865,'2018-01-22 13:28:35','Passage carte',1,1,1),(866,'2018-01-22 14:37:35','Passage carte',2,1,1),(867,'2018-01-22 15:04:16','Passage carte',2,1,1),(868,'2018-01-22 15:05:55','Passage carte',1,1,1),(869,'2018-01-22 16:51:18','Passage carte',1,1,1),(870,'2018-01-22 17:17:08','Passage carte',2,1,1),(871,'2018-01-22 17:19:37','Passage carte',2,1,1),(872,'2018-01-23 07:52:33','Passage carte',2,1,1),(873,'2018-01-23 08:29:51','Passage carte',1,1,1),(874,'2018-01-23 10:49:51','Passage carte',1,1,1),(875,'2018-01-23 11:35:46','Passage carte',1,1,1),(876,'2018-01-23 13:25:06','Passage carte',1,1,1),(877,'2018-01-23 15:06:18','Passage carte',1,1,1),(878,'2018-01-23 16:01:11','Passage carte',1,1,1),(879,'2018-01-23 17:21:08','Passage carte',1,1,1),(880,'2018-01-23 17:28:51','Passage carte',2,1,1),(881,'2018-01-24 07:02:35','Passage carte',2,1,1),(882,'2018-01-24 08:29:34','Passage carte',1,1,1),(883,'2018-01-24 10:31:46','Passage carte',1,1,1),(884,'2018-01-24 13:32:11','Passage carte',1,1,1),(885,'2018-01-24 15:20:32','Passage carte',1,1,1),(886,'2018-01-24 16:03:58','Passage carte',1,1,1),(887,'2018-01-24 17:02:26','Passage carte',1,1,1),(888,'2018-01-24 17:37:25','Passage carte',2,1,1),(889,'2018-01-25 08:32:02','Passage carte',1,1,1),(890,'2018-01-25 09:07:49','Passage carte',2,1,1),(891,'2018-01-25 09:30:17','Passage carte',2,1,1),(892,'2018-01-25 09:30:22','Passage carte',2,1,1),(893,'2018-01-25 09:30:28','Passage carte',2,1,1),(894,'2018-01-25 10:55:14','Passage carte',1,1,1),(895,'2018-01-25 11:44:55','Passage carte',2,1,1),(896,'2018-01-25 11:59:04','Passage carte',2,1,1),(897,'2018-01-25 13:33:00','Passage carte',1,1,1),(898,'2018-01-25 14:43:06','Passage carte',2,1,1),(899,'2018-01-25 15:36:46','Passage carte',1,1,1),(900,'2018-01-25 15:39:59','Passage carte',2,1,1),(901,'2018-01-25 15:58:30','Passage carte',2,1,1),(902,'2018-01-25 16:46:43','Passage carte',1,1,1),(903,'2018-01-25 18:28:21','Passage carte',2,1,1),(904,'2018-01-26 08:28:15','Passage carte',1,1,1),(905,'2018-01-26 08:28:23','Passage carte',1,1,1),(906,'2018-01-26 09:01:49','Passage carte',1,1,1),(907,'2018-01-26 09:26:33','Passage carte',1,1,1),(908,'2018-01-26 09:30:22','Passage carte',1,1,1),(909,'2018-01-26 10:56:09','Passage carte',1,1,1),(910,'2018-01-26 13:30:33','Passage carte',1,1,1),(911,'2018-01-26 14:04:48','Passage carte',2,1,1),(912,'2018-01-26 14:18:41','Passage carte',2,1,1),(913,'2018-01-29 08:23:17','Passage carte',2,1,1),(914,'2018-01-29 08:27:16','Passage carte',2,1,1),(915,'2018-01-29 08:28:48','Passage carte',1,1,1),(916,'2018-01-29 08:46:29','Passage carte',2,1,1),(917,'2018-01-29 09:46:20','Passage carte',1,1,1),(918,'2018-01-29 11:08:11','Passage carte',1,1,1),(919,'2018-01-29 12:22:12','Passage carte',2,1,1),(920,'2018-01-29 13:09:13','Passage carte',2,1,1),(921,'2018-01-29 13:31:54','Passage carte',1,1,1),(922,'2018-01-29 14:13:59','Passage carte',2,1,1),(923,'2018-01-29 15:59:19','Passage carte',1,1,1),(924,'2018-01-30 08:11:02','Passage carte',2,1,1),(925,'2018-01-30 08:26:24','Passage carte',1,1,1),(926,'2018-01-30 09:21:11','Passage carte',2,1,1),(927,'2018-01-30 10:17:44','Passage carte',1,1,1),(928,'2018-01-30 10:22:50','Passage carte',2,1,1),(929,'2018-01-30 12:31:32','Passage carte',2,1,1),(930,'2018-01-30 13:28:47','Passage carte',1,1,1),(931,'2018-01-30 13:52:34','Passage carte',2,1,1),(932,'2018-01-30 14:13:41','Passage carte',2,1,1),(933,'2018-01-30 14:19:52','Passage carte',2,1,1),(934,'2018-01-30 15:44:58','Passage carte',1,1,1),(935,'2018-01-30 16:52:09','Passage carte',1,1,1),(936,'2018-01-31 08:32:09','Passage carte',1,1,1),(937,'2018-01-31 08:32:18','Passage carte',1,1,1),(938,'2018-01-31 09:27:33','Passage carte',2,1,1),(939,'2018-01-31 10:49:17','Passage carte',1,1,1),(940,'2018-01-31 11:08:18','Passage carte',2,1,1),(941,'2018-01-31 13:16:08','Passage carte',2,1,1),(942,'2018-01-31 13:26:56','Passage carte',1,1,1),(943,'2018-01-31 14:03:57','Passage carte',2,1,1),(944,'2018-01-31 14:38:53','Passage carte',2,1,1),(945,'2018-01-31 15:34:24','Passage carte',1,1,1),(946,'2018-01-31 15:44:01','Passage carte',1,1,1),(947,'2018-01-31 16:54:44','Passage carte',1,1,1),(948,'2018-02-01 08:13:32','Passage carte',2,1,1),(949,'2018-02-01 08:34:27','Passage carte',1,1,1),(950,'2018-02-01 09:58:56','Passage carte',2,1,1),(951,'2018-02-01 10:09:02','Passage carte',1,1,1),(952,'2018-02-01 11:16:09','Passage carte',2,1,1),(953,'2018-02-01 11:16:55','Passage carte',1,1,1),(954,'2018-02-01 13:25:47','Passage carte',1,1,1),(955,'2018-02-01 14:00:54','Passage carte',2,1,1),(956,'2018-02-01 15:25:03','Passage carte',1,1,1),(957,'2018-02-01 16:47:40','Passage carte',1,1,1),(958,'2018-02-02 08:08:33','Passage carte',2,1,1),(959,'2018-02-02 08:32:47','Passage carte',1,1,1),(960,'2018-02-02 10:31:50','Passage carte',1,1,1),(961,'2018-02-02 10:37:20','Passage carte',2,1,1),(962,'2018-02-02 11:54:22','Passage carte',1,1,1),(963,'2018-02-02 13:24:19','Passage carte',1,1,1),(964,'2018-02-05 08:08:07','Passage carte',2,1,1),(965,'2018-02-05 09:22:19','Passage carte',2,1,1),(966,'2018-02-05 09:33:54','Passage carte',2,1,1),(967,'2018-02-05 10:46:40','Passage carte',2,1,1),(968,'2018-02-05 10:51:03','Passage carte',2,1,1),(969,'2018-02-05 13:38:49','Passage carte',2,1,1),(970,'2018-02-05 14:25:00','Passage carte',2,1,1),(971,'2018-02-05 16:03:00','Passage carte',2,1,1),(972,'2018-02-05 17:33:49','Passage carte',2,1,1),(973,'2018-02-07 19:26:18','Passage carte',2,1,1),(974,'2018-02-07 19:32:18','Passage carte',2,1,1),(975,'2018-02-09 08:56:31','Passage carte',2,1,1),(976,'2018-02-09 10:18:24','Passage carte',2,1,1),(977,'2018-02-09 11:38:54','Passage carte',2,1,1),(978,'2018-02-09 12:55:05','Passage carte',2,1,1),(979,'2018-02-09 13:12:35','Passage carte',2,1,1),(980,'2018-02-09 17:07:59','Passage carte',2,1,1),(981,'2018-02-09 17:40:46','Passage carte',2,1,1),(982,'2018-02-12 08:06:04','Passage carte',2,1,1),(983,'2018-02-12 08:25:41','Passage carte',1,1,1),(984,'2018-02-12 09:19:05','Passage carte',2,1,1),(985,'2018-02-12 10:34:05','Passage carte',1,1,1),(986,'2018-02-12 11:14:22','Passage carte',2,1,1),(987,'2018-02-12 12:15:43','Passage carte',2,1,1),(988,'2018-02-12 12:34:31','Passage carte',2,1,1),(989,'2018-02-12 13:29:48','Passage carte',1,1,1),(990,'2018-02-12 14:32:56','Passage carte',1,1,1),(991,'2018-02-12 15:40:16','Passage carte',1,1,1),(992,'2018-02-12 16:06:46','Passage carte',2,1,1),(993,'2018-02-12 16:57:05','Passage carte',2,1,1),(994,'2018-02-13 08:11:27','Passage carte',2,1,1),(995,'2018-02-13 08:29:03','Passage carte',1,1,1),(996,'2018-02-13 08:57:30','Passage carte',2,1,1),(997,'2018-02-13 11:09:41','Passage carte',1,1,1),(998,'2018-02-13 12:19:27','Passage carte',2,1,1),(999,'2018-02-13 13:33:47','Passage carte',1,1,1),(1000,'2018-02-13 14:16:00','Passage carte',2,1,1),(1001,'2018-02-13 14:27:38','Passage carte',2,1,1),(1002,'2018-02-13 16:03:13','Passage carte',1,1,1),(1003,'2018-02-14 08:31:56','Passage carte',1,1,1),(1004,'2018-02-14 08:36:08','Passage carte',2,1,1),(1005,'2018-02-14 09:42:19','Passage carte',2,1,1),(1006,'2018-02-14 10:20:13','Passage carte',1,1,1),(1007,'2018-02-14 13:19:39','Passage carte',2,1,1),(1008,'2018-02-14 13:32:14','Passage carte',1,1,1),(1009,'2018-02-14 14:04:16','Passage carte',2,1,1),(1010,'2018-02-14 15:24:11','Passage carte',2,1,1),(1011,'2018-02-14 15:38:44','Passage carte',1,1,1),(1012,'2018-02-14 17:03:38','Passage carte',1,1,1),(1013,'2018-02-15 08:34:11','Passage carte',1,1,1),(1014,'2018-02-15 09:03:26','Passage carte',2,1,1),(1015,'2018-02-15 10:24:34','Passage carte',2,1,1),(1016,'2018-02-15 10:26:53','Passage carte',1,1,1),(1017,'2018-02-15 10:31:30','Passage carte',2,1,1),(1018,'2018-02-15 11:33:19','Passage carte',1,1,1),(1019,'2018-02-15 11:37:29','Passage carte',1,1,1),(1020,'2018-02-15 12:58:18','Passage carte',2,1,1),(1021,'2018-02-15 13:34:56','Passage carte',1,1,1),(1022,'2018-02-15 15:10:42','Passage carte',2,1,1),(1023,'2018-02-15 15:34:05','Passage carte',1,1,1),(1024,'2018-02-15 16:46:40','Passage carte',1,1,1),(1025,'2018-02-15 17:09:30','Passage carte',2,1,1),(1026,'2018-02-15 17:09:36','Passage carte',2,1,1),(1027,'2018-02-15 17:09:42','Passage carte',1,1,1),(1028,'2018-02-15 17:09:49','Passage carte',1,1,1),(1029,'2018-02-15 17:09:54','Passage carte',2,1,1),(1030,'2018-02-16 07:56:28','Passage carte',2,1,1),(1031,'2018-02-16 08:32:37','Passage carte',1,1,1),(1032,'2018-02-16 10:22:54','Passage carte',1,1,1),(1033,'2018-02-16 11:31:46','Passage carte',1,1,1),(1034,'2018-02-16 13:34:49','Passage carte',1,1,1),(1035,'2018-02-16 13:35:24','Passage carte',2,1,1),(1036,'2018-02-16 14:23:14','Passage carte',2,1,1),(1037,'2018-02-16 15:24:48','Passage carte',2,1,1),(1038,'2018-02-16 16:25:44','Passage carte',2,1,1),(1039,'2018-02-16 16:29:46','Passage carte',2,1,1),(1040,'2018-02-19 08:04:38','Passage carte',2,1,1),(1041,'2018-02-19 08:28:44','Passage carte',1,1,1),(1042,'2018-02-19 09:45:27','Passage carte',1,1,1),(1043,'2018-02-19 10:17:05','Passage carte',2,1,1),(1044,'2018-02-19 11:00:57','Passage carte',1,1,1),(1045,'2018-02-19 11:13:25','Passage carte',2,1,1),(1046,'2018-02-19 11:49:17','Passage carte',1,1,1),(1047,'2018-02-19 11:59:35','Passage carte',2,1,1),(1048,'2018-02-19 13:19:41','Passage carte',2,1,1),(1049,'2018-02-19 13:33:10','Passage carte',1,1,1),(1050,'2018-02-19 15:26:29','Passage carte',2,1,1),(1051,'2018-02-19 15:30:43','Passage carte',2,1,1),(1052,'2018-02-19 16:12:26','Passage carte',1,1,1),(1053,'2018-02-19 17:08:11','Passage carte',1,1,1),(1054,'2018-02-19 17:18:53','Passage carte',2,1,1),(1055,'2018-02-19 18:30:36','Passage carte',2,1,1),(1056,'2018-02-20 07:57:47','Passage carte',2,1,1),(1057,'2018-02-20 08:34:22','Passage carte',1,1,1),(1058,'2018-02-20 09:06:14','Passage carte',2,1,1),(1059,'2018-02-20 09:22:00','Passage carte',2,1,1),(1060,'2018-02-20 10:41:48','Passage carte',1,1,1),(1061,'2018-02-20 10:58:43','Passage carte',2,1,1),(1062,'2018-02-20 12:12:46','Passage carte',2,1,1),(1063,'2018-02-20 12:54:05','Passage carte',2,1,1),(1064,'2018-02-20 13:27:29','Passage carte',1,1,1),(1065,'2018-02-20 14:59:24','Passage carte',1,1,1),(1066,'2018-02-20 16:09:32','Passage carte',1,1,1),(1067,'2018-02-21 08:08:08','Passage carte',2,1,1),(1068,'2018-02-21 08:29:14','Passage carte',2,1,1),(1069,'2018-02-21 10:04:05','Passage carte',2,1,1),(1070,'2018-02-21 10:10:54','Passage carte',2,1,1),(1071,'2018-02-21 10:19:14','Passage carte',1,1,1),(1072,'2018-02-21 11:23:14','Passage carte',1,1,1),(1073,'2018-02-21 12:09:23','Passage carte',2,1,1),(1074,'2018-02-21 13:06:38','Passage carte',2,1,1),(1075,'2018-02-21 13:34:43','Passage carte',1,1,1),(1076,'2018-02-21 16:04:17','Passage carte',1,1,1),(1077,'2018-02-21 16:59:35','Passage carte',2,1,1),(1078,'2018-02-21 17:14:47','Passage carte',1,1,1),(1079,'2018-02-21 17:25:36','Passage carte',1,1,1),(1080,'2018-02-22 07:59:27','Passage carte',2,1,1),(1081,'2018-02-22 08:10:26','Passage carte',2,1,1),(1082,'2018-02-22 08:13:04','Passage carte',2,1,1),(1083,'2018-02-22 08:31:22','Passage carte',1,1,1),(1084,'2018-02-22 10:37:23','Passage carte',1,1,1),(1085,'2018-02-22 11:18:56','Passage carte',2,1,1),(1086,'2018-02-22 11:31:19','Passage carte',1,1,1),(1087,'2018-02-22 11:31:40','Passage carte',2,1,1),(1088,'2018-02-22 11:54:09','Passage carte',1,1,1),(1089,'2018-02-22 14:06:36','Passage carte',2,1,1),(1090,'2018-02-22 14:34:11','Passage carte',2,1,1),(1091,'2018-02-22 15:48:41','Passage carte',1,1,1),(1092,'2018-02-23 08:28:06','Passage carte',2,1,1),(1093,'2018-02-23 08:35:55','Passage carte',1,1,1),(1094,'2018-02-23 10:08:30','Passage carte',1,1,1),(1095,'2018-02-23 11:30:10','Passage carte',1,1,1),(1096,'2018-02-23 12:49:51','Passage carte',2,1,1),(1097,'2018-02-23 12:55:38','Passage carte',2,1,1),(1098,'2018-02-23 13:04:34','Passage carte',2,1,1),(1099,'2018-02-23 13:33:09','Passage carte',1,1,1),(1100,'2018-02-23 14:04:57','Passage carte',1,1,1),(1101,'2018-02-23 15:29:35','Passage carte',2,1,1),(1102,'2018-02-26 08:11:31','Passage carte',2,1,1),(1103,'2018-02-26 09:45:22','Passage carte',5,1,1),(1104,'2018-02-26 09:48:45','Passage carte',6,1,1),(1105,'2018-02-26 10:08:53','Passage carte',2,1,1),(1106,'2018-02-26 10:48:50','Passage carte',5,1,1),(1107,'2018-02-26 11:10:00','Passage carte',2,1,1),(1108,'2018-02-26 11:20:47','Passage carte',2,1,1),(1109,'2018-02-26 13:07:58','Passage carte',2,1,1),(1110,'2018-02-26 13:24:16','Passage carte',6,1,1),(1111,'2018-02-26 13:24:30','Passage carte',5,1,1),(1112,'2018-02-26 13:31:14','Passage carte',2,1,1),(1113,'2018-02-26 14:02:41','Passage carte',2,1,1),(1114,'2018-02-26 14:31:15','Passage carte',5,1,1),(1115,'2018-02-26 17:15:25','Passage carte',2,1,1),(1116,'2018-02-26 17:16:53','Passage carte',5,1,1),(1117,'2018-02-26 17:17:00','Passage carte',6,1,1),(1118,'2018-02-27 08:08:08','Passage carte',2,1,1),(1119,'2018-02-27 08:31:07','Passage carte',5,1,1),(1120,'2018-02-27 08:39:39','Passage carte',5,1,1),(1121,'2018-02-27 08:47:24','Passage carte',5,1,1),(1122,'2018-02-27 09:04:03','Passage carte',2,1,1),(1123,'2018-02-27 10:10:12','Passage carte',5,1,1),(1124,'2018-02-27 10:46:08','Passage carte',2,1,1),(1125,'2018-02-27 13:23:12','Passage carte',6,1,1),(1126,'2018-02-27 13:26:38','Passage carte',5,1,1),(1127,'2018-02-27 13:30:34','Passage carte',2,1,1),(1128,'2018-02-27 13:52:40','Passage carte',2,1,1),(1129,'2018-02-27 14:02:18','Passage carte',2,1,1),(1130,'2018-02-27 15:12:14','Passage carte',5,1,1),(1131,'2018-02-27 15:23:25','Passage carte',2,1,1),(1132,'2018-02-27 15:54:17','Passage carte',5,1,1),(1133,'2018-02-28 08:27:35','Passage carte',2,1,1),(1134,'2018-02-28 08:37:05','Passage carte',5,1,1),(1135,'2018-02-28 09:47:10','Passage carte',5,1,1),(1136,'2018-02-28 10:32:15','Passage carte',2,1,1),(1137,'2018-02-28 10:47:51','Passage carte',5,1,1),(1138,'2018-02-28 11:24:51','Passage carte',2,1,1),(1139,'2018-02-28 12:28:08','Passage carte',2,1,1),(1140,'2018-02-28 13:37:44','Passage carte',6,1,1),(1141,'2018-02-28 13:50:06','Passage carte',2,1,1),(1142,'2018-02-28 13:58:19','Passage carte',5,1,1),(1143,'2018-02-28 16:13:59','Passage carte',2,1,1),(1144,'2018-02-28 16:16:19','Passage carte',5,1,1),(1145,'2018-03-01 09:01:26','Passage carte',6,1,1),(1146,'2018-03-01 10:20:36','Passage carte',2,1,1),(1147,'2018-03-01 12:39:38','Passage carte',2,1,1),(1148,'2018-03-01 13:18:19','Passage carte',6,1,1),(1149,'2018-03-01 13:57:18','Passage carte',2,1,1),(1150,'2018-03-01 14:42:54','Passage carte',6,1,1),(1151,'2018-03-01 15:17:34','Passage carte',2,1,1),(1152,'2018-03-01 16:59:17','Passage carte',6,1,1),(1153,'2018-03-01 17:48:12','Passage carte',2,1,1),(1154,'2018-03-02 08:32:20','Passage carte',2,1,1),(1155,'2018-03-02 08:35:31','Passage carte',2,1,1),(1156,'2018-03-02 08:37:48','Passage carte',5,1,1),(1157,'2018-03-02 08:42:16','Passage carte',5,1,1),(1158,'2018-03-02 09:00:41','Passage carte',2,1,1),(1159,'2018-03-02 09:28:42','Passage carte',5,1,1),(1160,'2018-03-02 09:29:39','Passage carte',2,1,1),(1161,'2018-03-02 09:34:45','Passage carte',2,1,1),(1162,'2018-03-02 10:45:28','Passage carte',2,1,1),(1163,'2018-03-02 11:04:55','Passage carte',2,1,1),(1164,'2018-03-02 11:16:21','Passage carte',2,1,0),(1165,'2018-03-02 11:16:22','Passage carte',2,1,0),(1166,'2018-03-02 11:16:23','Passage carte',2,1,0),(1167,'2018-03-02 11:29:37','Passage carte',5,1,1),(1168,'2018-03-02 11:35:05','Passage carte',6,1,1),(1169,'2018-03-02 12:15:28','Passage carte',2,1,1),(1170,'2018-03-02 12:19:42','Passage carte',2,1,1),(1171,'2018-03-02 13:07:38','Passage carte',6,1,1),(1172,'2018-03-02 14:46:19','Passage carte',6,1,1),(1173,'2018-03-02 14:46:32','Passage carte',2,1,1),(1174,'2018-03-02 14:53:12','Passage carte',2,1,1),(1175,'2018-03-02 17:30:41','Passage carte',2,1,1),(1176,'2018-03-05 08:23:36','Passage carte',5,1,1),(1177,'2018-03-05 08:27:50','Passage carte',1,1,1),(1178,'2018-03-05 08:36:44','Passage carte',5,1,1),(1179,'2018-03-05 09:48:35','Passage carte',5,1,1),(1180,'2018-03-05 10:21:43','Passage carte',2,1,1),(1181,'2018-03-05 10:29:34','Passage carte',1,1,1),(1182,'2018-03-05 10:54:48','Passage carte',5,1,1),(1183,'2018-03-05 11:28:18','Passage carte',1,1,1),(1184,'2018-03-05 12:18:13','Passage carte',2,1,1),(1185,'2018-03-05 13:26:37','Passage carte',6,1,1),(1186,'2018-03-05 13:26:44','Passage carte',6,1,1),(1187,'2018-03-05 13:30:11','Passage carte',1,1,1),(1188,'2018-03-05 13:30:30','Passage carte',1,1,1),(1189,'2018-03-05 13:54:18','Passage carte',5,1,1),(1190,'2018-03-05 14:10:24','Passage carte',2,1,1),(1191,'2018-03-05 15:51:09','Passage carte',6,1,1),(1192,'2018-03-05 16:16:45','Passage carte',5,1,1),(1193,'2018-03-05 16:33:37','Passage carte',2,1,1),(1194,'2018-03-05 16:42:48','Passage carte',5,1,1),(1195,'2018-03-05 17:09:33','Passage carte',1,1,1),(1196,'2018-03-05 19:05:38','Passage carte',2,1,1),(1197,'2018-03-06 08:25:24','Passage carte',1,1,1),(1198,'2018-03-06 08:37:51','Passage carte',5,1,1),(1199,'2018-03-06 09:50:53','Passage carte',5,1,1),(1200,'2018-03-06 10:40:48','Passage carte',6,1,1),(1201,'2018-03-06 10:46:11','Passage carte',1,1,1),(1202,'2018-03-06 10:58:55','Passage carte',5,1,1),(1203,'2018-03-06 13:32:15','Passage carte',6,1,1),(1204,'2018-03-06 13:35:44','Passage carte',1,1,1),(1205,'2018-03-06 13:51:16','Passage carte',5,1,1),(1206,'2018-03-06 13:57:18','Passage carte',2,1,1),(1207,'2018-03-06 14:03:09','Passage carte',5,1,1),(1208,'2018-03-06 15:07:49','Passage carte',5,1,1),(1209,'2018-03-06 15:45:37','Passage carte',1,1,1),(1210,'2018-03-06 16:27:30','Passage carte',6,1,1),(1211,'2018-03-06 16:50:42','Passage carte',1,1,1),(1212,'2018-03-06 16:53:03','Passage carte',1,1,1),(1213,'2018-03-07 08:15:43','Passage carte',2,1,1),(1214,'2018-03-07 08:17:37','Passage carte',2,1,1),(1215,'2018-03-07 08:23:31','Passage carte',6,1,1),(1216,'2018-03-07 08:27:35','Passage carte',5,1,1),(1217,'2018-03-07 08:32:46','Passage carte',1,1,1),(1218,'2018-03-07 09:24:50','Passage carte',5,1,1),(1219,'2018-03-07 09:34:50','Passage carte',2,1,1),(1220,'2018-03-07 09:47:14','Passage carte',6,1,1),(1221,'2018-03-07 10:17:36','Passage carte',5,1,1),(1222,'2018-03-07 10:20:05','Passage carte',1,1,1),(1223,'2018-03-07 10:36:31','Passage carte',2,1,1),(1224,'2018-03-07 11:14:46','Passage carte',2,1,1),(1225,'2018-03-07 11:17:49','Passage carte',5,1,1),(1226,'2018-03-07 12:50:40','Passage carte',2,1,1),(1227,'2018-03-07 13:23:54','Passage carte',6,1,1),(1228,'2018-03-07 13:28:04','Passage carte',5,1,1),(1229,'2018-03-07 13:33:34','Passage carte',1,1,1),(1230,'2018-03-07 13:45:06','Passage carte',5,1,1),(1231,'2018-03-07 14:46:03','Passage carte',2,1,1),(1232,'2018-03-07 15:28:00','Passage carte',6,1,1),(1233,'2018-03-07 15:49:43','Passage carte',1,1,1),(1234,'2018-03-07 16:32:04','Passage carte',5,1,1),(1235,'2018-03-07 16:48:33','Passage carte',6,1,1),(1236,'2018-03-07 16:52:37','Passage carte',5,1,1),(1237,'2018-03-07 17:10:47','Passage carte',1,1,1),(1238,'2018-03-08 08:04:07','Passage carte',2,1,1),(1239,'2018-03-08 08:23:35','Passage carte',5,1,1),(1240,'2018-03-08 08:35:07','Passage carte',5,1,1),(1241,'2018-03-08 09:49:40','Passage carte',5,1,1),(1242,'2018-03-08 11:29:02','Passage carte',5,1,1),(1243,'2018-03-08 11:34:51','Passage carte',1,1,1),(1244,'2018-03-08 13:29:45','Passage carte',6,1,1),(1245,'2018-03-08 13:32:27','Passage carte',1,1,1),(1246,'2018-03-08 14:25:56','Passage carte',5,1,1),(1247,'2018-03-08 14:34:22','Passage carte',2,1,1),(1248,'2018-03-08 15:27:48','Passage carte',6,1,1),(1249,'2018-03-08 16:36:30','Passage carte',1,1,1),(1250,'2018-03-08 16:49:46','Passage carte',2,1,1),(1251,'2018-03-08 16:54:23','Passage carte',5,1,1),(1252,'2018-03-09 08:06:12','Passage carte',2,1,1),(1253,'2018-03-09 08:24:03','Passage carte',6,1,1),(1254,'2018-03-09 08:28:40','Passage carte',1,1,1),(1255,'2018-03-09 09:39:08','Passage carte',5,1,1),(1256,'2018-03-09 09:50:27','Passage carte',6,1,1),(1257,'2018-03-09 10:02:03','Passage carte',1,1,1),(1258,'2018-03-09 10:47:28','Passage carte',5,1,1),(1259,'2018-03-09 10:55:23','Passage carte',2,1,1),(1260,'2018-03-09 11:02:03','Passage carte',6,1,1),(1261,'2018-03-09 11:13:44','Passage carte',2,1,1),(1262,'2018-03-09 12:42:39','Passage carte',2,1,1),(1263,'2018-03-09 13:31:57','Passage carte',6,1,1),(1264,'2018-03-09 13:33:27','Passage carte',1,1,1),(1265,'2018-03-09 13:33:40','Passage carte',5,1,1),(1266,'2018-03-09 14:21:49','Passage carte',1,1,1),(1267,'2018-03-09 14:39:09','Passage carte',2,1,1),(1268,'2018-03-09 15:24:35','Passage carte',2,1,0),(1269,'2018-03-09 15:24:35','Passage carte',2,1,0),(1270,'2018-03-09 15:24:38','Passage carte',2,1,0),(1271,'2018-03-09 15:26:34','Passage carte',2,1,1),(1272,'2018-03-09 16:23:11','Passage carte',2,1,1),(1273,'2018-03-09 17:24:56','Passage carte',2,1,1),(1274,'2018-03-09 17:38:48','Passage carte',2,1,1),(1275,'2018-03-12 08:10:44','Passage carte',2,1,1),(1276,'2018-03-12 08:23:34','Passage carte',5,1,1),(1277,'2018-03-12 08:55:51','Passage carte',5,1,1),(1278,'2018-03-12 09:04:03','Passage carte',1,1,1),(1279,'2018-03-12 09:28:16','Passage carte',2,1,1),(1280,'2018-03-12 09:54:43','Passage carte',6,1,1),(1281,'2018-03-12 10:30:26','Passage carte',1,1,1),(1282,'2018-03-12 10:50:39','Passage carte',5,1,1),(1283,'2018-03-12 11:08:37','Passage carte',2,1,1),(1284,'2018-03-12 11:44:27','Passage carte',1,1,1),(1285,'2018-03-12 12:55:40','Passage carte',2,1,1),(1286,'2018-03-12 13:00:47','Passage carte',6,1,1),(1287,'2018-03-12 13:02:24','Passage carte',5,1,1),(1288,'2018-03-12 13:16:42','Passage carte',2,1,1),(1289,'2018-03-12 13:32:00','Passage carte',1,1,1),(1290,'2018-03-12 13:43:32','Passage carte',6,1,1),(1291,'2018-03-12 14:09:35','Passage carte',2,1,1),(1292,'2018-03-12 14:34:36','Passage carte',5,1,1),(1293,'2018-03-12 14:57:31','Passage carte',5,1,1),(1294,'2018-03-12 16:28:14','Passage carte',1,1,1),(1295,'2018-03-12 17:01:57','Passage carte',5,1,1),(1296,'2018-03-12 18:03:59','Passage carte',2,1,1),(1297,'2018-03-13 07:31:17','Passage carte',2,1,1),(1298,'2018-03-13 08:15:32','Passage carte',2,1,1),(1299,'2018-03-13 08:23:24','Passage carte',5,1,1),(1300,'2018-03-13 08:27:10','Passage carte',5,1,1),(1301,'2018-03-13 08:33:05','Passage carte',1,1,1),(1302,'2018-03-13 09:23:03','Passage carte',5,1,1),(1303,'2018-03-13 09:26:08','Passage carte',2,1,1),(1304,'2018-03-13 10:09:21','Passage carte',6,1,1),(1305,'2018-03-13 10:32:07','Passage carte',1,1,1),(1306,'2018-03-13 10:37:34','Passage carte',5,1,1),(1307,'2018-03-13 11:51:25','Passage carte',2,1,1),(1308,'2018-03-13 13:18:46','Passage carte',6,1,1),(1309,'2018-03-13 13:19:59','Passage carte',5,1,1),(1310,'2018-03-13 13:20:33','Passage carte',2,1,1),(1311,'2018-03-13 13:23:32','Passage carte',5,1,1),(1312,'2018-03-13 13:27:22','Passage carte',1,1,1),(1313,'2018-03-13 14:14:21','Passage carte',6,1,1),(1314,'2018-03-13 14:39:52','Passage carte',1,1,1),(1315,'2018-03-13 14:58:33','Passage carte',5,1,1),(1316,'2018-03-13 16:16:14','Passage carte',6,1,1),(1317,'2018-03-13 16:39:10','Passage carte',5,1,1),(1318,'2018-03-13 17:09:53','Passage carte',1,1,1),(1319,'2018-03-13 17:47:02','Passage carte',2,1,1),(1320,'2018-03-14 08:13:37','Passage carte',2,1,1),(1321,'2018-03-14 08:23:57','Passage carte',5,1,1),(1322,'2018-03-14 08:32:27','Passage carte',1,1,1),(1323,'2018-03-14 09:25:54','Passage carte',5,1,1),(1324,'2018-03-14 09:43:04','Passage carte',2,1,1),(1325,'2018-03-14 09:46:22','Passage carte',6,1,1),(1326,'2018-03-14 10:08:54','Passage carte',2,1,1),(1327,'2018-03-14 11:44:28','Passage carte',1,1,1),(1328,'2018-03-14 13:05:27','Passage carte',2,1,1),(1329,'2018-03-14 13:24:57','Passage carte',6,1,1),(1330,'2018-03-14 13:34:14','Passage carte',1,1,1),(1331,'2018-03-14 13:47:43','Passage carte',6,1,1),(1332,'2018-03-14 14:49:08','Passage carte',6,1,1),(1333,'2018-03-14 15:46:45','Passage carte',5,1,1),(1334,'2018-03-14 15:53:40','Passage carte',1,1,1),(1335,'2018-03-14 16:11:52','Passage carte',6,1,1),(1336,'2018-03-14 17:09:50','Passage carte',1,1,1),(1337,'2018-03-14 18:42:39','Passage carte',2,1,1),(1338,'2018-03-15 08:08:47','Passage carte',2,1,1),(1339,'2018-03-15 08:13:14','Passage carte',2,1,1),(1340,'2018-03-15 08:23:56','Passage carte',5,1,1),(1341,'2018-03-15 08:31:24','Passage carte',1,1,1),(1342,'2018-03-15 09:10:24','Passage carte',2,1,1),(1343,'2018-03-15 09:25:15','Passage carte',6,1,1),(1344,'2018-03-15 09:29:05','Passage carte',2,1,1),(1345,'2018-03-15 09:37:29','Passage carte',5,1,1),(1346,'2018-03-15 10:23:36','Passage carte',1,1,1),(1347,'2018-03-15 11:34:48','Passage carte',1,1,1),(1348,'2018-03-15 12:40:58','Passage carte',2,1,1),(1349,'2018-03-15 13:08:50','Passage carte',2,1,1),(1350,'2018-03-15 13:27:42','Passage carte',6,1,1),(1351,'2018-03-15 13:30:19','Passage carte',1,1,1),(1352,'2018-03-15 13:32:25','Passage carte',6,1,1),(1353,'2018-03-15 13:54:34','Passage carte',6,1,1),(1354,'2018-03-15 14:04:34','Passage carte',5,1,1),(1355,'2018-03-15 15:15:40','Passage carte',1,1,1),(1356,'2018-03-15 15:27:48','Passage carte',2,1,1),(1357,'2018-03-15 15:31:05','Passage carte',1,1,1),(1358,'2018-03-15 15:47:10','Passage carte',1,1,1),(1359,'2018-03-15 16:25:17','Passage carte',2,1,1),(1360,'2018-03-15 16:33:42','Passage carte',6,1,1),(1361,'2018-03-15 17:07:07','Passage carte',1,1,1),(1362,'2018-03-16 07:54:51','Passage carte',2,1,1),(1363,'2018-03-16 08:23:48','Passage carte',5,1,1),(1364,'2018-03-16 08:26:26','Passage carte',5,1,1),(1365,'2018-03-16 08:32:04','Passage carte',1,1,1),(1366,'2018-03-16 09:52:47','Passage carte',1,1,1),(1367,'2018-03-16 10:03:49','Passage carte',2,1,1),(1368,'2018-03-16 10:10:18','Passage carte',5,1,1),(1369,'2018-03-16 10:41:01','Passage carte',1,1,1),(1370,'2018-03-16 11:15:10','Passage carte',6,1,1),(1371,'2018-03-16 11:31:15','Passage carte',5,1,1),(1372,'2018-03-16 11:37:18','Passage carte',1,1,1),(1373,'2018-03-16 12:03:35','Passage carte',2,1,1),(1374,'2018-03-16 12:15:45','Passage carte',2,1,1),(1375,'2018-03-16 13:27:39','Passage carte',1,1,1),(1376,'2018-03-16 13:30:27','Passage carte',1,1,1),(1377,'2018-03-16 13:31:26','Passage carte',6,1,1),(1378,'2018-03-16 13:48:48','Passage carte',2,1,1),(1379,'2018-03-16 14:33:37','Passage carte',2,1,1),(1380,'2018-03-16 15:32:08','Passage carte',2,1,1),(1381,'2018-03-19 08:07:13','Passage carte',2,1,1),(1382,'2018-03-19 08:25:26','Passage carte',5,1,1),(1383,'2018-03-19 08:41:56','Passage carte',6,1,1),(1384,'2018-03-19 10:03:41','Passage carte',5,1,1),(1385,'2018-03-19 10:16:41','Passage carte',2,1,1),(1386,'2018-03-19 10:52:46','Passage carte',5,1,1),(1387,'2018-03-19 11:15:28','Passage carte',6,1,1),(1388,'2018-03-19 11:40:38','Passage carte',2,1,1),(1389,'2018-03-19 13:30:17','Passage carte',6,1,1),(1390,'2018-03-19 13:53:46','Passage carte',2,1,1),(1391,'2018-03-19 14:00:27','Passage carte',2,1,1),(1392,'2018-03-19 14:34:44','Passage carte',6,1,1),(1393,'2018-03-19 15:07:24','Passage carte',5,1,1),(1394,'2018-03-19 16:54:47','Passage carte',5,1,1),(1395,'2018-03-20 08:07:28','Passage carte',2,1,1),(1396,'2018-03-20 08:22:32','Passage carte',6,1,1),(1397,'2018-03-20 09:16:15','Passage carte',5,1,1),(1398,'2018-03-20 09:19:03','Passage carte',6,1,1),(1399,'2018-03-20 09:21:13','Passage carte',6,1,1),(1400,'2018-03-20 10:08:23','Passage carte',2,1,1),(1401,'2018-03-20 10:15:49','Passage carte',2,1,1),(1402,'2018-03-20 10:40:43','Passage carte',5,1,1),(1403,'2018-03-20 11:33:53','Passage carte',2,1,1),(1404,'2018-03-20 13:31:09','Passage carte',6,1,1),(1405,'2018-03-20 13:51:31','Passage carte',2,1,1),(1406,'2018-03-20 14:27:13','Passage carte',6,1,1),(1407,'2018-03-20 14:33:41','Passage carte',2,1,1),(1408,'2018-03-20 15:09:53','Passage carte',5,1,1),(1409,'2018-03-20 15:52:35','Passage carte',6,1,1),(1410,'2018-03-21 08:19:50','Passage carte',2,1,1),(1411,'2018-03-21 09:10:15','Passage carte',5,1,1),(1412,'2018-03-21 10:06:19','Passage carte',6,1,1),(1413,'2018-03-21 10:32:58','Passage carte',2,1,1),(1414,'2018-03-21 11:01:57','Passage carte',2,1,1),(1415,'2018-03-21 11:15:51','Passage carte',6,1,1),(1416,'2018-03-21 11:23:08','Passage carte',2,1,1),(1417,'2018-03-21 13:32:21','Passage carte',5,1,1),(1418,'2018-03-21 13:59:33','Passage carte',6,1,1),(1419,'2018-03-21 14:15:14','Passage carte',2,1,1),(1420,'2018-03-21 14:37:47','Passage carte',2,1,1),(1421,'2018-03-21 15:12:45','Passage carte',2,1,1),(1422,'2018-03-21 16:18:59','Passage carte',5,1,1),(1423,'2018-03-21 16:58:13','Passage carte',2,1,1),(1424,'2018-03-21 18:17:09','Passage carte',2,1,1),(1425,'2018-03-22 08:12:24','Passage carte',2,1,1),(1426,'2018-03-22 08:25:09','Passage carte',6,1,1),(1427,'2018-03-22 09:22:25','Passage carte',5,1,1),(1428,'2018-03-22 09:44:54','Passage carte',2,1,1),(1429,'2018-03-22 09:55:32','Passage carte',2,1,1),(1430,'2018-03-22 10:09:48','Passage carte',5,1,1),(1431,'2018-03-22 10:26:46','Passage carte',6,1,1),(1432,'2018-03-22 13:26:12','Passage carte',2,1,1),(1433,'2018-03-22 13:32:10','Passage carte',6,1,1),(1434,'2018-03-22 13:38:07','Passage carte',6,1,1),(1435,'2018-03-22 13:57:41','Passage carte',5,1,1),(1436,'2018-03-22 14:04:16','Passage carte',2,1,1),(1437,'2018-03-22 14:08:42','Passage carte',2,1,1),(1438,'2018-03-22 16:13:12','Passage carte',6,1,1),(1439,'2018-03-22 16:55:18','Passage carte',5,1,1),(1440,'2018-03-22 17:03:17','Passage carte',6,1,1),(1441,'2018-03-22 17:07:57','Passage carte',2,1,1),(1442,'2018-03-23 08:08:42','Passage carte',2,1,1),(1443,'2018-03-23 08:23:02','Passage carte',6,1,1),(1444,'2018-03-23 08:28:11','Passage carte',5,1,1),(1445,'2018-03-23 09:18:20','Passage carte',5,1,1),(1446,'2018-03-23 09:28:31','Passage carte',2,1,1),(1447,'2018-03-23 09:38:49','Passage carte',6,1,1),(1448,'2018-03-23 10:03:21','Passage carte',5,1,1),(1449,'2018-03-23 10:12:09','Passage carte',2,1,1),(1450,'2018-03-23 10:50:48','Passage carte',6,1,1),(1451,'2018-03-23 12:33:52','Passage carte',2,1,1),(1452,'2018-03-23 13:03:33','Passage carte',6,1,1),(1453,'2018-03-23 14:07:10','Passage carte',2,1,1),(1454,'2018-03-23 14:13:52','Passage carte',6,1,1),(1455,'2018-03-23 15:28:22','Passage carte',2,1,1),(1456,'2018-03-26 08:18:31','Passage carte',2,1,1),(1457,'2018-03-26 08:22:58','Passage carte',6,1,1),(1458,'2018-03-26 08:40:41','Passage carte',2,1,1),(1459,'2018-03-26 08:43:28','Passage carte',5,1,1),(1460,'2018-03-26 09:18:33','Passage carte',5,1,1),(1461,'2018-03-26 09:41:38','Passage carte',6,1,1),(1462,'2018-03-26 10:04:40','Passage carte',5,1,1),(1463,'2018-03-26 11:01:32','Passage carte',6,1,1),(1464,'2018-03-26 11:10:47','Passage carte',5,1,1),(1465,'2018-03-26 11:16:04','Passage carte',2,1,1),(1466,'2018-03-26 11:49:22','Passage carte',2,1,1),(1467,'2018-03-26 13:25:43','Passage carte',6,1,1),(1468,'2018-03-26 13:28:53','Passage carte',2,1,1),(1469,'2018-03-26 14:26:14','Passage carte',2,1,1),(1470,'2018-03-26 14:54:26','Passage carte',6,1,1),(1471,'2018-03-26 15:19:58','Passage carte',2,1,1),(1472,'2018-03-26 15:57:51','Passage carte',5,1,1),(1473,'2018-03-26 16:12:59','Passage carte',6,1,1),(1474,'2018-03-26 16:48:33','Passage carte',2,1,1),(1475,'2018-03-27 07:56:50','Passage carte',2,1,1),(1476,'2018-03-27 08:27:42','Passage carte',5,1,1),(1477,'2018-03-27 10:27:18','Passage carte',2,1,1),(1478,'2018-03-27 11:12:31','Passage carte',6,1,1),(1479,'2018-03-27 11:29:23','Passage carte',5,1,1),(1480,'2018-03-27 13:26:05','Passage carte',5,1,1),(1481,'2018-03-27 13:30:36','Passage carte',6,1,0),(1482,'2018-03-27 13:30:38','Passage carte',6,1,0),(1483,'2018-03-27 13:31:03','Passage carte',6,1,1),(1484,'2018-03-27 13:40:43','Passage carte',2,1,1),(1485,'2018-03-27 16:32:29','Passage carte',5,1,0),(1486,'2018-03-27 16:32:30','Passage carte',5,1,0),(1487,'2018-03-27 16:32:56','Passage carte',5,1,1),(1488,'2018-03-28 08:21:00','Passage carte',2,1,1),(1489,'2018-03-28 08:23:04','Passage carte',5,1,1),(1490,'2018-03-28 09:11:58','Passage carte',2,1,1),(1491,'2018-03-28 10:33:29','Passage carte',5,1,1),(1492,'2018-03-28 11:09:26','Passage carte',2,1,1),(1493,'2018-03-28 11:12:10','Passage carte',6,1,1),(1494,'2018-03-28 12:54:38','Passage carte',2,1,1),(1495,'2018-03-28 12:56:39','Passage carte',6,1,1),(1496,'2018-03-28 12:57:40','Passage carte',2,1,1),(1497,'2018-03-28 12:58:04','Passage carte',5,1,1),(1498,'2018-03-28 14:40:19','Passage carte',5,1,1),(1499,'2018-03-28 15:12:40','Passage carte',2,1,1),(1500,'2018-03-28 15:14:16','Passage carte',5,1,1),(1501,'2018-03-28 16:43:28','Passage carte',5,1,1),(1502,'2018-03-29 08:35:49','Passage carte',2,1,1),(1503,'2018-03-29 09:57:38','Passage carte',5,1,1),(1504,'2018-03-29 10:02:16','Passage carte',5,1,1),(1505,'2018-03-29 10:17:40','Passage carte',2,1,1),(1506,'2018-03-29 10:27:37','Passage carte',2,1,1),(1507,'2018-03-29 10:44:57','Passage carte',6,1,1),(1508,'2018-03-29 11:13:10','Passage carte',5,1,1),(1509,'2018-03-29 12:41:15','Passage carte',2,1,1),(1510,'2018-03-29 13:31:13','Passage carte',6,1,1),(1511,'2018-03-29 13:31:26','Passage carte',2,1,1),(1512,'2018-03-29 14:20:23','Passage carte',6,1,1),(1513,'2018-03-29 14:26:36','Passage carte',5,1,1),(1514,'2018-03-29 15:38:05','Passage carte',5,1,1),(1515,'2018-03-29 15:53:55','Passage carte',2,1,1),(1516,'2018-03-29 16:45:42','Passage carte',5,1,1),(1517,'2018-03-29 17:28:05','Passage carte',2,1,1),(1518,'2018-03-29 17:56:24','Passage carte',2,1,1),(1519,'2018-03-30 08:47:51','Passage carte',6,1,1),(1520,'2018-03-30 09:28:12','Passage carte',5,1,1),(1521,'2018-03-30 09:29:01','Passage carte',6,1,1),(1522,'2018-03-30 10:37:29','Passage carte',5,1,1),(1523,'2018-03-30 13:02:00','Passage carte',6,1,1),(1524,'2018-03-30 13:44:29','Passage carte',6,1,1),(1525,'2018-03-30 14:01:30','Passage carte',6,1,1),(1526,'2018-03-30 14:49:34','Passage carte',5,1,1),(1527,'2018-04-03 08:15:25','Passage carte',2,1,1),(1528,'2018-04-03 10:48:01','Passage carte',2,1,1),(1529,'2018-04-03 11:47:56','Passage carte',2,1,1),(1530,'2018-04-03 13:49:30','Passage carte',2,1,1),(1531,'2018-04-03 14:48:40','Passage carte',2,1,1),(1532,'2018-04-03 15:34:42','Passage carte',2,1,1),(1533,'2018-04-03 16:01:52','Passage carte',2,1,1),(1534,'2018-04-03 18:05:29','Passage carte',2,1,1),(1535,'2018-04-04 10:44:35','Passage carte',2,1,1),(1536,'2018-04-04 12:47:22','Passage carte',2,1,1),(1537,'2018-04-04 14:58:58','Passage carte',2,1,1),(1538,'2018-04-04 18:37:08','Passage carte',2,1,1),(1539,'2018-04-06 08:10:21','Passage carte',2,1,1),(1540,'2018-04-06 09:11:00','Passage carte',2,1,1),(1541,'2018-04-06 10:27:31','Passage carte',2,1,1),(1542,'2018-04-06 10:31:30','Passage carte',2,1,1),(1543,'2018-04-06 12:03:21','Passage carte',2,1,1),(1544,'2018-04-06 12:55:41','Passage carte',2,1,1),(1545,'2018-04-06 17:44:28','Passage carte',2,1,1),(1546,'2018-04-09 08:01:12','Passage carte',2,1,1),(1547,'2018-04-09 08:26:06','Passage carte',1,1,1),(1548,'2018-04-09 09:55:15','Passage carte',1,1,1),(1549,'2018-04-09 10:08:41','Passage carte',2,1,1),(1550,'2018-04-09 10:25:25','Passage carte',2,1,1),(1551,'2018-04-09 11:06:16','Passage carte',1,1,1),(1552,'2018-04-09 13:00:26','Passage carte',2,1,1),(1553,'2018-04-09 13:03:38','Passage carte',2,1,1),(1554,'2018-04-09 13:31:26','Passage carte',1,1,1),(1555,'2018-04-09 15:11:35','Passage carte',2,1,1),(1556,'2018-04-09 15:38:30','Passage carte',1,1,1),(1557,'2018-04-09 16:25:33','Passage carte',2,1,1),(1558,'2018-04-10 08:03:04','Passage carte',2,1,1),(1559,'2018-04-10 08:33:20','Passage carte',1,1,1),(1560,'2018-04-10 09:10:35','Passage carte',7,1,1),(1561,'2018-04-10 09:18:27','Passage carte',2,1,1),(1562,'2018-04-10 09:22:25','Passage carte',7,1,1),(1563,'2018-04-10 09:25:48','Passage carte',2,1,1),(1564,'2018-04-10 10:09:51','Passage carte',7,1,1),(1565,'2018-04-10 10:18:21','Passage carte',1,1,1),(1566,'2018-04-10 10:45:32','Passage carte',7,1,1),(1567,'2018-04-10 11:51:01','Passage carte',2,1,1),(1568,'2018-04-10 11:57:57','Passage carte',1,1,1),(1569,'2018-04-10 12:35:14','Passage carte',7,1,1),(1570,'2018-04-10 12:39:27','Passage carte',7,1,1),(1571,'2018-04-10 13:29:50','Passage carte',1,1,1),(1572,'2018-04-10 13:37:22','Passage carte',2,1,1),(1573,'2018-04-10 15:29:36','Passage carte',1,1,1),(1574,'2018-04-10 15:51:04','Passage carte',2,1,1),(1575,'2018-04-10 16:06:32','Passage carte',2,1,1),(1576,'2018-04-10 17:18:07','Passage carte',1,1,1),(1577,'2018-04-11 08:17:52','Passage carte',2,1,1),(1578,'2018-04-11 08:22:47','Passage carte',7,1,1),(1579,'2018-04-11 08:31:15','Passage carte',1,1,1),(1580,'2018-04-11 10:12:59','Passage carte',1,1,1),(1581,'2018-04-11 12:47:15','Passage carte',2,1,1),(1582,'2018-04-11 13:34:00','Passage carte',1,1,1),(1583,'2018-04-11 14:30:46','Passage carte',7,1,1),(1584,'2018-04-11 15:20:18','Passage carte',1,1,1),(1585,'2018-04-11 16:42:20','Passage carte',1,1,1),(1586,'2018-04-11 17:09:03','Passage carte',7,1,1),(1587,'2018-04-12 07:58:49','Passage carte',2,1,1),(1588,'2018-04-12 08:32:29','Passage carte',1,1,1),(1589,'2018-04-12 08:36:05','Passage carte',2,1,1),(1590,'2018-04-12 10:02:58','Passage carte',2,1,1),(1591,'2018-04-12 10:26:32','Passage carte',2,1,1),(1592,'2018-04-12 10:28:24','Passage carte',1,1,1),(1593,'2018-04-12 11:51:11','Passage carte',1,1,1),(1594,'2018-04-12 12:47:41','Passage carte',2,1,1),(1595,'2018-04-12 13:31:06','Passage carte',1,1,1),(1596,'2018-04-12 15:29:18','Passage carte',1,1,1),(1597,'2018-04-12 15:53:21','Passage carte',2,1,1),(1598,'2018-04-13 08:04:51','Passage carte',2,1,1),(1599,'2018-04-13 08:31:29','Passage carte',1,1,1),(1600,'2018-04-13 08:38:26','Passage carte',7,1,1),(1601,'2018-04-13 08:54:19','Passage carte',2,1,1),(1602,'2018-04-13 10:35:53','Passage carte',2,1,1),(1603,'2018-04-13 10:45:50','Passage carte',1,1,1),(1604,'2018-04-13 10:47:01','Passage carte',2,1,1),(1605,'2018-04-13 11:26:55','Passage carte',7,1,1),(1606,'2018-04-13 12:45:29','Passage carte',7,1,1),(1607,'2018-04-13 13:30:09','Passage carte',1,1,1),(1608,'2018-04-13 13:57:05','Passage carte',7,1,1),(1609,'2018-04-13 15:03:00','Passage carte',1,1,1),(1610,'2018-04-13 15:25:41','Passage carte',2,1,1),(1611,'2018-04-13 17:06:21','Passage carte',2,1,1),(1612,'2018-04-13 18:05:03','Passage carte',2,1,1),(1613,'2018-04-16 08:27:32','Passage carte',2,1,1),(1614,'2018-04-16 08:31:00','Passage carte',7,1,1),(1615,'2018-04-16 08:33:58','Passage carte',1,1,1),(1616,'2018-04-16 10:21:32','Passage carte',1,1,1),(1617,'2018-04-16 10:29:03','Passage carte',7,1,1),(1618,'2018-04-16 10:35:40','Passage carte',2,1,1),(1619,'2018-04-16 11:34:19','Passage carte',1,1,1),(1620,'2018-04-16 12:38:00','Passage carte',2,1,1),(1621,'2018-04-16 13:28:39','Passage carte',1,1,1),(1622,'2018-04-16 13:41:12','Passage carte',7,1,1),(1623,'2018-04-16 14:06:12','Passage carte',2,1,1),(1624,'2018-04-16 15:08:45','Passage carte',1,1,1),(1625,'2018-04-16 15:39:16','Passage carte',2,1,1),(1626,'2018-04-16 15:50:53','Passage carte',1,1,1),(1627,'2018-04-16 16:50:23','Passage carte',1,1,1),(1628,'2018-04-16 17:36:12','Passage carte',2,1,1),(1629,'2018-04-16 18:01:43','Passage carte',2,1,1),(1630,'2018-04-17 08:34:27','Passage carte',1,1,1),(1631,'2018-04-17 10:16:50','Passage carte',1,1,1),(1632,'2018-04-17 11:09:02','Passage carte',1,1,1),(1633,'2018-04-17 13:32:00','Passage carte',1,1,1),(1634,'2018-04-17 15:51:33','Passage carte',1,1,1),(1635,'2018-04-17 17:08:35','Passage carte',1,1,1),(1636,'2018-04-18 08:25:10','Passage carte',2,1,1),(1637,'2018-04-18 08:30:33','Passage carte',7,1,1),(1638,'2018-04-18 08:33:14','Passage carte',1,1,1),(1639,'2018-04-18 10:07:11','Passage carte',1,1,1),(1640,'2018-04-18 12:40:03','Passage carte',2,1,1),(1641,'2018-04-18 12:41:24','Passage carte',2,1,1),(1642,'2018-04-18 13:05:51','Passage carte',2,1,1),(1643,'2018-04-18 13:32:56','Passage carte',1,1,1),(1644,'2018-04-18 14:03:47','Passage carte',7,1,1),(1645,'2018-04-18 15:30:15','Passage carte',1,1,1),(1646,'2018-04-18 16:07:58','Passage carte',7,1,1),(1647,'2018-04-18 16:20:14','Passage carte',2,1,1),(1648,'2018-04-18 16:58:18','Passage carte',1,1,1),(1649,'2018-04-18 17:43:12','Passage carte',1,1,1),(1650,'2018-04-19 07:54:54','Passage carte',2,1,1),(1651,'2018-04-19 07:59:14','Passage carte',7,1,1),(1652,'2018-04-19 08:12:10','Passage carte',2,1,1),(1653,'2018-04-19 08:34:46','Passage carte',1,1,1),(1654,'2018-04-19 09:06:47','Passage carte',2,1,1),(1655,'2018-04-19 10:10:55','Passage carte',1,1,1),(1656,'2018-04-19 10:55:48','Passage carte',7,1,1),(1657,'2018-04-19 11:12:11','Passage carte',1,1,1),(1658,'2018-04-19 12:08:05','Passage carte',2,1,1),(1659,'2018-04-19 12:52:39','Passage carte',7,1,1),(1660,'2018-04-19 15:34:16','Passage carte',1,1,1),(1661,'2018-04-19 16:31:14','Passage carte',1,1,1),(1662,'2018-04-19 17:06:30','Passage carte',2,1,1),(1663,'2018-04-19 17:51:42','Passage carte',2,1,1),(1664,'2018-04-19 18:14:24','Passage carte',2,1,1),(1665,'2018-04-20 08:08:04','Passage carte',2,1,1),(1666,'2018-04-20 08:29:25','Passage carte',1,1,1),(1667,'2018-04-20 08:33:07','Passage carte',7,1,1),(1668,'2018-04-20 09:40:54','Passage carte',1,1,1),(1669,'2018-04-20 09:59:15','Passage carte',2,1,1),(1670,'2018-04-20 10:13:23','Passage carte',2,1,1),(1671,'2018-04-20 10:18:06','Passage carte',1,1,1),(1672,'2018-04-20 10:48:45','Passage carte',7,1,1),(1673,'2018-04-20 11:18:22','Passage carte',1,1,1),(1674,'2018-04-20 12:23:59','Passage carte',2,1,1),(1675,'2018-04-20 12:54:33','Passage carte',2,1,1),(1676,'2018-04-20 13:37:55','Passage carte',1,1,1),(1677,'2018-04-20 15:30:33','Passage carte',2,1,1),(1678,'2018-04-20 15:59:40','Passage carte',1,1,1),(1679,'2018-04-23 08:07:18','Passage carte',2,1,1),(1680,'2018-04-23 08:31:14','Passage carte',7,1,1),(1681,'2018-04-23 08:32:50','Passage carte',1,1,1),(1682,'2018-04-23 09:56:54','Passage carte',2,1,1),(1683,'2018-04-23 10:42:00','Passage carte',1,1,1),(1684,'2018-04-23 13:06:52','Passage carte',7,1,1),(1685,'2018-04-23 13:51:33','Passage carte',7,1,1),(1686,'2018-04-23 15:50:13','Passage carte',1,1,1),(1687,'2018-04-23 16:16:15','Passage carte',2,1,1),(1688,'2018-04-23 16:46:49','Passage carte',7,1,1),(1689,'2018-04-23 16:51:54','Passage carte',2,1,1),(1690,'2018-04-23 17:05:38','Passage carte',1,1,1),(1691,'2018-04-23 18:29:26','Passage carte',2,1,1),(1692,'2018-04-24 08:34:39','Passage carte',1,1,1),(1693,'2018-04-24 09:44:25','Passage carte',1,1,1),(1694,'2018-04-24 11:06:30','Passage carte',1,1,1),(1695,'2018-04-24 13:44:41','Passage carte',1,1,1),(1696,'2018-04-24 15:18:36','Passage carte',1,1,1),(1697,'2018-04-24 16:22:10','Passage carte',1,1,1),(1698,'2018-04-24 17:00:38','Passage carte',1,1,1),(1699,'2018-04-24 17:38:12','Passage carte',1,1,1),(1700,'2018-04-25 08:27:26','Passage carte',7,1,1),(1701,'2018-04-25 08:30:04','Passage carte',2,1,1),(1702,'2018-04-25 08:30:11','Passage carte',2,1,1),(1703,'2018-04-25 08:31:37','Passage carte',1,1,1),(1704,'2018-04-25 10:25:57','Passage carte',1,1,1),(1705,'2018-04-25 11:04:08','Passage carte',2,1,1),(1706,'2018-04-25 13:30:19','Passage carte',1,1,1);
/*!40000 ALTER TABLE `od_historique` ENABLE KEYS */;
UNLOCK TABLES;

--
-- Table structure for table `od_identite`
--

DROP TABLE IF EXISTS `od_identite`;
/*!40101 SET @saved_cs_client     = @@character_set_client */;
/*!40101 SET character_set_client = utf8 */;
CREATE TABLE `od_identite` (
  `id` bigint(20) NOT NULL AUTO_INCREMENT,
  `dateDeNaissance` date DEFAULT NULL,
  `dateDeValidite` date NOT NULL,
  `email` varchar(255) NOT NULL,
  `prenom` varchar(50) DEFAULT ' ',
  `groupe` varchar(50) DEFAULT NULL,
  `nom` varchar(50) NOT NULL,
  `numeroIdentite` varchar(255) DEFAULT NULL,
  `numeroID` varchar(8) DEFAULT NULL,
  `sexe` varchar(8) DEFAULT NULL,
  `type` varchar(20) DEFAULT NULL,
  PRIMARY KEY (`id`),
  UNIQUE KEY `email` (`email`),
  UNIQUE KEY `numeroIdentite` (`numeroIdentite`) USING BTREE,
  UNIQUE KEY `numeroID` (`numeroID`)
) ENGINE=InnoDB AUTO_INCREMENT=8 DEFAULT CHARSET=latin1;
/*!40101 SET character_set_client = @saved_cs_client */;

--
-- Dumping data for table `od_identite`
--

LOCK TABLES `od_identite` WRITE;
/*!40000 ALTER TABLE `od_identite` DISABLE KEYS */;
INSERT INTO `od_identite` (`id`, `dateDeNaissance`, `dateDeValidite`, `email`, `prenom`, `groupe`, `nom`, `numeroIdentite`, `numeroID`, `sexe`, `type`) VALUES (1,'1989-08-16','2099-01-01','guillaume.bidault@odalid.com','Guillaume',NULL,'Bidault','1234','59a04ce4','H',NULL),(2,'1983-01-25','2099-03-23','vincent.thivent@odalid.com','Vincent',NULL,'Thivent','1','59a3b41d','',NULL),(3,NULL,'2017-10-21','test10@test.com','Quentin',NULL,'Castella','01234528','59e45534',NULL,NULL),(4,'2017-10-01','2019-10-31','senspratique@senspratique.com',NULL,NULL,'Sens Pratique','123','59f08607','H',NULL),(5,NULL,'2018-03-30','Aurelien@odalid.com','Aurlien',NULL,'Thazet',NULL,'5a9432d9',NULL,NULL),(6,NULL,'2018-03-31','fabien@odalid.com','Fabien',NULL,'Ladouce',NULL,'5a9432e9',NULL,NULL),(7,'2018-03-09','2018-06-01','margaux.gentil@gmail.com','Margaux',NULL,'Gentil','','5acc6360','F','Stagaire');
/*!40000 ALTER TABLE `od_identite` ENABLE KEYS */;
UNLOCK TABLES;

--
-- Table structure for table `od_identitezone`
--

DROP TABLE IF EXISTS `od_identitezone`;
/*!40101 SET @saved_cs_client     = @@character_set_client */;
/*!40101 SET character_set_client = utf8 */;
CREATE TABLE `od_identitezone` (
  `id` bigint(20) NOT NULL AUTO_INCREMENT,
  `dateDebut` date DEFAULT NULL,
  `dateFin` date DEFAULT NULL,
  `identite_id` bigint(20) DEFAULT NULL,
  `zone_id` bigint(20) DEFAULT NULL,
  PRIMARY KEY (`id`),
  KEY `fk_identitezone_zone` (`zone_id`),
  KEY `fk_identitezone_identite` (`identite_id`),
  CONSTRAINT `fk_identitezone_identite` FOREIGN KEY (`identite_id`) REFERENCES `od_identite` (`id`) ON DELETE CASCADE,
  CONSTRAINT `fk_identitezone_zone` FOREIGN KEY (`zone_id`) REFERENCES `od_zone` (`id`) ON DELETE SET NULL
) ENGINE=InnoDB AUTO_INCREMENT=8 DEFAULT CHARSET=latin1;
/*!40101 SET character_set_client = @saved_cs_client */;

--
-- Dumping data for table `od_identitezone`
--

LOCK TABLES `od_identitezone` WRITE;
/*!40000 ALTER TABLE `od_identitezone` DISABLE KEYS */;
INSERT INTO `od_identitezone` (`id`, `dateDebut`, `dateFin`, `identite_id`, `zone_id`) VALUES (1,'2017-08-25','2099-01-01',1,1),(2,'2017-08-01','2031-08-31',2,1),(3,'2017-10-16','2017-10-21',3,1),(4,'2017-10-24','2020-01-01',4,1),(5,'2018-02-26','2018-03-30',5,1),(6,'2018-02-26','2018-03-30',6,1),(7,'2018-04-09','2018-06-01',7,1);
/*!40000 ALTER TABLE `od_identitezone` ENABLE KEYS */;
UNLOCK TABLES;

--
-- Table structure for table `od_jour`
--

DROP TABLE IF EXISTS `od_jour`;
/*!40101 SET @saved_cs_client     = @@character_set_client */;
/*!40101 SET character_set_client = utf8 */;
CREATE TABLE `od_jour` (
  `id` bigint(20) NOT NULL AUTO_INCREMENT,
  `heureDebut` time DEFAULT NULL,
  `heureFin` time DEFAULT NULL,
  `nom` varchar(30) DEFAULT NULL,
  `identiteZone_id` bigint(20) DEFAULT NULL,
  PRIMARY KEY (`id`),
  KEY `fk_jour_identitezone` (`identiteZone_id`),
  CONSTRAINT `fk_jour_identitezone` FOREIGN KEY (`identiteZone_id`) REFERENCES `od_identitezone` (`id`) ON DELETE CASCADE
) ENGINE=InnoDB AUTO_INCREMENT=50 DEFAULT CHARSET=latin1;
/*!40101 SET character_set_client = @saved_cs_client */;

--
-- Dumping data for table `od_jour`
--

LOCK TABLES `od_jour` WRITE;
/*!40000 ALTER TABLE `od_jour` DISABLE KEYS */;
INSERT INTO `od_jour` (`id`, `heureDebut`, `heureFin`, `nom`, `identiteZone_id`) VALUES (1,'00:00:00','23:59:00','1',1),(2,'00:00:00','23:59:00','2',1),(3,'00:00:00','23:59:00','3',1),(4,'00:00:00','23:59:00','4',1),(5,'00:00:00','23:59:00','5',1),(6,'00:00:00','23:59:00','6',1),(9,'00:00:00','23:59:00','2',2),(10,'00:00:00','23:59:00','3',2),(11,'00:00:00','23:59:00','4',2),(13,'00:00:00','23:59:00','6',2),(15,'00:00:00','23:59:00','0',1),(17,'00:00:00','23:59:00','0',3),(18,'00:00:00','23:59:00','1',3),(19,'00:00:00','23:59:00','2',3),(20,'00:00:00','23:59:00','3',3),(21,'00:00:00','23:59:00','4',3),(22,'00:00:00','23:59:00','5',3),(23,'00:00:00','23:59:00','6',3),(24,'00:00:00','23:59:00','0',4),(25,'00:00:00','23:59:00','1',4),(26,'00:00:00','23:59:00','2',4),(27,'00:00:00','23:59:00','3',4),(28,'00:00:00','23:59:00','4',4),(29,'00:00:00','23:59:00','5',4),(30,'00:00:00','23:59:00','6',4),(32,'00:00:00','23:59:00','0',2),(33,'00:00:00','23:59:00','1',2),(34,'08:15:00','17:45:00','1',5),(35,'08:15:00','17:45:00','2',5),(36,'08:15:00','17:45:00','3',5),(37,'08:15:00','17:45:00','4',5),(38,'08:15:00','15:15:00','5',5),(39,'08:15:00','17:45:00','1',6),(40,'08:15:00','17:45:00','2',6),(41,'08:15:00','17:45:00','3',6),(42,'08:15:00','17:45:00','4',6),(43,'08:15:00','15:15:00','5',6),(44,'00:00:00','23:59:00','5',2),(45,'00:00:00','23:59:00','1',7),(46,'00:00:00','23:59:00','2',7),(47,'00:00:00','23:59:00','3',7),(48,'00:00:00','23:59:00','4',7),(49,'00:00:00','23:59:00','5',7);
/*!40000 ALTER TABLE `od_jour` ENABLE KEYS */;
UNLOCK TABLES;

--
-- Table structure for table `od_lecteur`
--

DROP TABLE IF EXISTS `od_lecteur`;
/*!40101 SET @saved_cs_client     = @@character_set_client */;
/*!40101 SET character_set_client = utf8 */;
CREATE TABLE `od_lecteur` (
  `id` bigint(20) NOT NULL AUTO_INCREMENT,
  `ip` varchar(15) NOT NULL,
  `mac` varchar(17) NOT NULL,
  `nom` varchar(50) DEFAULT NULL,
  `porte_id` bigint(20) DEFAULT NULL,
  PRIMARY KEY (`id`),
  UNIQUE KEY `mac` (`mac`) USING BTREE,
  UNIQUE KEY `ip` (`ip`) USING BTREE,
  UNIQUE KEY `nom` (`nom`) USING BTREE,
  KEY `fk_lecteur_porte` (`porte_id`),
  CONSTRAINT `fk_lecteur_porte` FOREIGN KEY (`porte_id`) REFERENCES `od_porte` (`id`) ON DELETE SET NULL
) ENGINE=InnoDB AUTO_INCREMENT=2 DEFAULT CHARSET=latin1;
/*!40101 SET character_set_client = @saved_cs_client */;

--
-- Dumping data for table `od_lecteur`
--

LOCK TABLES `od_lecteur` WRITE;
/*!40000 ALTER TABLE `od_lecteur` DISABLE KEYS */;
INSERT INTO `od_lecteur` (`id`, `ip`, `mac`, `nom`, `porte_id`) VALUES (1,'192.168.1.87','aa:bb:dd:cc:ff:ee','Lecteur entre bureau',1);
/*!40000 ALTER TABLE `od_lecteur` ENABLE KEYS */;
UNLOCK TABLES;

--
-- Table structure for table `od_porte`
--

DROP TABLE IF EXISTS `od_porte`;
/*!40101 SET @saved_cs_client     = @@character_set_client */;
/*!40101 SET character_set_client = utf8 */;
CREATE TABLE `od_porte` (
  `id` bigint(20) NOT NULL AUTO_INCREMENT,
  `nom` varchar(50) NOT NULL,
  `salle_id` bigint(20) DEFAULT NULL,
  `relais_id` bigint(11) DEFAULT NULL,
  PRIMARY KEY (`id`),
  UNIQUE KEY `nom` (`nom`) USING BTREE,
  KEY `fk_porte_salle` (`salle_id`),
  KEY `fk_porte_relais` (`relais_id`),
  CONSTRAINT `fk_porte_relais` FOREIGN KEY (`relais_id`) REFERENCES `od_relais` (`id`) ON DELETE SET NULL,
  CONSTRAINT `fk_porte_salle` FOREIGN KEY (`salle_id`) REFERENCES `od_salle` (`id`) ON DELETE SET NULL
) ENGINE=InnoDB AUTO_INCREMENT=2 DEFAULT CHARSET=latin1;
/*!40101 SET character_set_client = @saved_cs_client */;

--
-- Dumping data for table `od_porte`
--

LOCK TABLES `od_porte` WRITE;
/*!40000 ALTER TABLE `od_porte` DISABLE KEYS */;
INSERT INTO `od_porte` (`id`, `nom`, `salle_id`, `relais_id`) VALUES (1,'Porte bureau Odalid',1,1);
/*!40000 ALTER TABLE `od_porte` ENABLE KEYS */;
UNLOCK TABLES;

--
-- Table structure for table `od_relais`
--

DROP TABLE IF EXISTS `od_relais`;
/*!40101 SET @saved_cs_client     = @@character_set_client */;
/*!40101 SET character_set_client = utf8 */;
CREATE TABLE `od_relais` (
  `id` bigint(20) NOT NULL AUTO_INCREMENT,
  `gache_id` bigint(20) DEFAULT NULL,
  `numero` int(10) NOT NULL,
  `delaiOuverture` int(11) NOT NULL,
  `commandeManuelle` bit(1) NOT NULL DEFAULT b'0',
  PRIMARY KEY (`id`),
  KEY `fk_relais_gache` (`gache_id`),
  CONSTRAINT `fk_relais_gache` FOREIGN KEY (`gache_id`) REFERENCES `od_gache` (`id`) ON DELETE CASCADE
) ENGINE=InnoDB AUTO_INCREMENT=5 DEFAULT CHARSET=latin1;
/*!40101 SET character_set_client = @saved_cs_client */;

--
-- Dumping data for table `od_relais`
--

LOCK TABLES `od_relais` WRITE;
/*!40000 ALTER TABLE `od_relais` DISABLE KEYS */;
INSERT INTO `od_relais` (`id`, `gache_id`, `numero`, `delaiOuverture`, `commandeManuelle`) VALUES (1,1,1,0,''),(2,1,2,0,'\0'),(3,1,3,0,'\0'),(4,1,4,0,'\0');
/*!40000 ALTER TABLE `od_relais` ENABLE KEYS */;
UNLOCK TABLES;

--
-- Table structure for table `od_salle`
--

DROP TABLE IF EXISTS `od_salle`;
/*!40101 SET @saved_cs_client     = @@character_set_client */;
/*!40101 SET character_set_client = utf8 */;
CREATE TABLE `od_salle` (
  `id` bigint(20) NOT NULL AUTO_INCREMENT,
  `nom` varchar(50) NOT NULL,
  `zone_id` bigint(20) DEFAULT NULL,
  PRIMARY KEY (`id`),
  UNIQUE KEY `nom` (`nom`) USING BTREE,
  KEY `fk_salle_zone` (`zone_id`),
  CONSTRAINT `fk_salle_zone` FOREIGN KEY (`zone_id`) REFERENCES `od_zone` (`id`) ON DELETE SET NULL
) ENGINE=InnoDB AUTO_INCREMENT=2 DEFAULT CHARSET=latin1;
/*!40101 SET character_set_client = @saved_cs_client */;

--
-- Dumping data for table `od_salle`
--

LOCK TABLES `od_salle` WRITE;
/*!40000 ALTER TABLE `od_salle` DISABLE KEYS */;
INSERT INTO `od_salle` (`id`, `nom`, `zone_id`) VALUES (1,'Bureau Odalid',1);
/*!40000 ALTER TABLE `od_salle` ENABLE KEYS */;
UNLOCK TABLES;

--
-- Table structure for table `od_systeme`
--

DROP TABLE IF EXISTS `od_systeme`;
/*!40101 SET @saved_cs_client     = @@character_set_client */;
/*!40101 SET character_set_client = utf8 */;
CREATE TABLE `od_systeme` (
  `version` varchar(5) NOT NULL,
  `createur` varchar(50) NOT NULL,
  `dateCreation` date NOT NULL
) ENGINE=InnoDB DEFAULT CHARSET=latin1 ROW_FORMAT=COMPACT;
/*!40101 SET character_set_client = @saved_cs_client */;

--
-- Dumping data for table `od_systeme`
--

LOCK TABLES `od_systeme` WRITE;
/*!40000 ALTER TABLE `od_systeme` DISABLE KEYS */;
INSERT INTO `od_systeme` (`version`, `createur`, `dateCreation`) VALUES ('1.2.0','Odalid','2017-08-24');
/*!40000 ALTER TABLE `od_systeme` ENABLE KEYS */;
UNLOCK TABLES;

--
-- Table structure for table `od_user`
--

DROP TABLE IF EXISTS `od_user`;
/*!40101 SET @saved_cs_client     = @@character_set_client */;
/*!40101 SET character_set_client = utf8 */;
CREATE TABLE `od_user` (
  `id` bigint(20) NOT NULL AUTO_INCREMENT,
  `credential_expire_at` date DEFAULT NULL,
  `email` varchar(255) NOT NULL,
  `enabled` bit(1) NOT NULL DEFAULT b'1',
  `expire_at` date NOT NULL,
  `last_login` date DEFAULT NULL,
  `locked` bit(1) NOT NULL DEFAULT b'0',
  `password` varchar(255) NOT NULL,
  `roles` varchar(255) DEFAULT NULL,
  `username` varchar(50) NOT NULL,
  `uuid` varchar(255) DEFAULT NULL,
  PRIMARY KEY (`id`),
  UNIQUE KEY `email` (`email`),
  UNIQUE KEY `username` (`username`)
) ENGINE=InnoDB AUTO_INCREMENT=4 DEFAULT CHARSET=latin1;
/*!40101 SET character_set_client = @saved_cs_client */;

--
-- Dumping data for table `od_user`
--

LOCK TABLES `od_user` WRITE;
/*!40000 ALTER TABLE `od_user` DISABLE KEYS */;
INSERT INTO `od_user` (`id`, `credential_expire_at`, `email`, `enabled`, `expire_at`, `last_login`, `locked`, `password`, `roles`, `username`, `uuid`) VALUES (1,NULL,'admin@odalid.com','','2099-01-01','2018-04-25','\0','500:cb217e8d053e8cc2f6b8ddae46ebd33c:d3fa26b47bb0bc75a9727abbed1dfa9b512c400d197c74ffaa88f51f65d3549e7062c3ab982394d7b64de2b4330f9760ceffa6e0c8383eeeb400a89d8f48175c','admin','Administrateur','aece9c26-1376-4db0-b7d8-f89a685ac70d'),(2,NULL,'superadmin@odalid.com','','2999-01-01','2018-04-25','\0','500:165783d0808890dc755811ac6023a905:0b21e45909dd21e5bbeba0f55b59e64f39595f733624e7ca936c19ec0d57b4f706a346cb577c1f2867b2523c71945b06fdfd3e4dc0434ef261970454a6aee243','superadmin','superadmin','2acbcd9c-c35c-4ebc-b8eb-c83f672f6ff4');
/*!40000 ALTER TABLE `od_user` ENABLE KEYS */;
UNLOCK TABLES;

--
-- Table structure for table `od_zone`
--

DROP TABLE IF EXISTS `od_zone`;
/*!40101 SET @saved_cs_client     = @@character_set_client */;
/*!40101 SET character_set_client = utf8 */;
CREATE TABLE `od_zone` (
  `id` bigint(20) NOT NULL AUTO_INCREMENT,
  `nom` varchar(50) NOT NULL,
  PRIMARY KEY (`id`),
  UNIQUE KEY `nom` (`nom`) USING BTREE
) ENGINE=InnoDB AUTO_INCREMENT=2 DEFAULT CHARSET=latin1;
/*!40101 SET character_set_client = @saved_cs_client */;

--
-- Dumping data for table `od_zone`
--

LOCK TABLES `od_zone` WRITE;
/*!40000 ALTER TABLE `od_zone` DISABLE KEYS */;
INSERT INTO `od_zone` (`id`, `nom`) VALUES (1,'Btiment Hope');
/*!40000 ALTER TABLE `od_zone` ENABLE KEYS */;
UNLOCK TABLES;
/*!40103 SET TIME_ZONE=@OLD_TIME_ZONE */;

/*!40101 SET SQL_MODE=@OLD_SQL_MODE */;
/*!40014 SET FOREIGN_KEY_CHECKS=@OLD_FOREIGN_KEY_CHECKS */;
/*!40014 SET UNIQUE_CHECKS=@OLD_UNIQUE_CHECKS */;
/*!40101 SET CHARACTER_SET_CLIENT=@OLD_CHARACTER_SET_CLIENT */;
/*!40101 SET CHARACTER_SET_RESULTS=@OLD_CHARACTER_SET_RESULTS */;
/*!40101 SET COLLATION_CONNECTION=@OLD_COLLATION_CONNECTION */;
/*!40111 SET SQL_NOTES=@OLD_SQL_NOTES */;

-- Dump completed on 2018-04-25 13:35:45
